model,flag,contact_probability,duration_generations,duration_years,seed,primary_ignition,first_generation,final_repertoire,final_primary_fraction,final_cognition,final_infrastructure
Full model,0,0.03,40,1000,1040300,1,154,18.984375,0.609375,0.3968271216105609,0.634629265454865
Full model,0,0.03,40,1000,1040301,0,408,6.134375,0.109375,0.2634421911491186,0.1394545487005102
Full model,0,0.03,40,1000,1040302,0,-1,4.8875,0.0,0.2790544430342289,0.0369575704336408
Full model,0,0.03,40,1000,1040303,0,-1,5.5,0.028125,0.3041100078667887,0.0797480960242035
Full model,0,0.03,40,1000,1040304,0,-1,4.378125,0.0,0.2360902256207264,0.0184230410836257
Full model,0,0.03,40,1000,1040305,0,149,19.4375,0.625,0.4375767792339947,0.6362743965626113
Full model,0,0.03,40,1000,1040306,0,-1,4.925,0.0,0.2855715454560243,0.0281572472243892
Full model,0,0.03,40,1000,1040307,0,312,7.584375,0.165625,0.3055268825889529,0.2298658687890455
Full model,0,0.03,40,1000,1040308,0,-1,5.3875,0.03125,0.2812094141344109,0.0834576621763448
Full model,0,0.03,40,1000,1040309,0,165,18.7625,0.621875,0.4158397865790885,0.6354780372912078
Full model,0,0.03,40,1000,1040310,0,361,7.7875,0.153125,0.3099818241517883,0.2493666394603503
Full model,0,0.03,40,1000,1040311,0,-1,4.99375,0.03125,0.2353789174330036,0.0740244886046976
Full model,0,0.03,40,1000,1040312,0,234,6.85625,0.1125,0.2611493403909363,0.1477886638917677
Full model,0,0.03,40,1000,1040313,0,153,14.103125,0.4375,0.3658604858223647,0.4510514837691007
Full model,0,0.03,40,1000,1040314,0,179,17.234375,0.61875,0.3618193480798941,0.6278165658254319
Full model,0,0.03,40,1000,1040315,1,157,20.36875,0.6875,0.4274306964550229,0.6915526943921586
Full model,0,0.03,40,1000,1040316,0,-1,4.24375,0.0,0.2227966272935357,0.0172196298140267
Full model,0,0.03,40,1000,1040317,0,205,15.846875,0.496875,0.3503907925792411,0.5163535139844138
Full model,0,0.03,40,1000,1040318,0,-1,6.11875,0.071875,0.2952915189517763,0.1356290647315637
Full model,0,0.03,40,1000,1040319,0,312,7.475,0.178125,0.2932092627408412,0.2018525212529412
Full model,0,0.03,40,1000,1040320,0,149,11.665625,0.36875,0.3137281051460732,0.3870411018024219
Full model,0,0.03,40,1000,1040321,0,143,18.034375,0.5625,0.3975445833653854,0.5871249069665548
Full model,0,0.03,40,1000,1040322,1,144,23.2875,0.8125,0.4764638945307459,0.8143086298506681
Full model,0,0.03,40,1000,1040323,0,209,9.225,0.25,0.3178792417340574,0.2648402288504108
Full model,0,0.03,40,1000,1040324,0,289,7.86875,0.1875,0.2930851733433746,0.2124426319892783
Full model,0,0.03,40,1000,1040325,0,-1,4.50625,0.0,0.2314184188688753,0.0191106939933571
Full model,0,0.03,40,1000,1040326,0,186,10.86875,0.3625,0.2592778358943795,0.3842902370314501
Full model,0,0.03,40,1000,1040327,1,143,19.40625,0.621875,0.4494024331858005,0.6365222208620133
Full model,0,0.03,40,1000,1040328,0,172,12.153125,0.375,0.3222035721826854,0.3921877264156734
Full model,0,0.03,40,1000,1040329,0,132,16.6,0.49375,0.3765089914883351,0.5378621987223557
Full model,0,0.03,40,1000,1040330,0,204,16.371875,0.5375,0.3942257531391195,0.5635310748695399
Full model,0,0.03,40,1000,1040331,0,-1,6.121875,0.0625,0.2924107861230369,0.1023531511369176
Full model,0,0.03,40,1000,1040332,0,207,6.665625,0.121875,0.2798953259774435,0.1504020984155481
Full model,0,0.03,40,1000,1040333,0,267,12.053125,0.375,0.3291399282670623,0.3872805656053473
Full model,0,0.03,40,1000,1040334,0,156,14.59375,0.4375,0.3806057010934409,0.4585890815307376
Full model,0,0.03,40,1000,1040335,0,155,9.95625,0.28125,0.3198282381851638,0.3203377241824975
Full model,0,0.03,40,1000,1040336,1,142,20.7125,0.6875,0.4287700649789143,0.6991900686193065
Full model,0,0.03,40,1000,1040337,0,153,21.309375,0.75,0.4561226394992971,0.7542998469512557
Full model,0,0.03,40,1000,1040338,0,226,12.26875,0.371875,0.315407697574272,0.39001911010254
Full model,0,0.03,40,1000,1040339,1,147,22.109375,0.746875,0.4747650496551054,0.7528801309198969
Full model,0,0.03,40,1000,1040340,1,161,18.39375,0.61875,0.4209405452311371,0.634879071041605
Full model,0,0.03,40,1000,1040341,0,160,7.84375,0.1875,0.2727491653214692,0.20329441536336
Full model,0,0.03,40,1000,1040342,0,417,6.81875,0.1,0.3195586988223347,0.1641871711614512
Full model,0,0.03,40,1000,1040343,0,-1,5.23125,0.0,0.302191561346512,0.0379046743891899
Full model,0,0.03,40,1000,1040344,1,148,20.725,0.6875,0.4348248638994919,0.6942427093025714
Full model,0,0.03,40,1000,1040345,0,163,17.73125,0.5625,0.4068727783441745,0.573322053672956
Full model,0,0.03,40,1000,1040346,0,154,13.425,0.434375,0.3318560190340439,0.4468490351139851
Full model,0,0.03,40,1000,1040347,0,251,10.165625,0.309375,0.317834021858829,0.3281292660182271
Full model,0,0.03,40,1000,1040348,0,284,9.1125,0.2375,0.3030359422106846,0.3057994903681734
Full model,0,0.03,40,1000,1040349,0,146,19.175,0.621875,0.4053103070459388,0.6344317344426278
Full model,0,0.06,40,1000,1040600,0,182,8.353125,0.225,0.3012696672713171,0.2607257758027016
Full model,0,0.06,40,1000,1040601,0,150,9.940625,0.246875,0.2915219362852935,0.2678898377600198
Full model,0,0.06,40,1000,1040602,0,168,18.803125,0.625,0.4201752767639417,0.6433202287444744
Full model,0,0.06,40,1000,1040603,0,162,12.55625,0.375,0.3501351966681881,0.3930711611912487
Full model,0,0.06,40,1000,1040604,0,166,7.70625,0.1875,0.2594629092474939,0.2011327686582126
Full model,0,0.06,40,1000,1040605,1,150,21.115625,0.74375,0.4453345905401981,0.7521202753940149
Full model,0,0.06,40,1000,1040606,0,162,8.590625,0.24375,0.2491829067718605,0.2623818980789956
Full model,0,0.06,40,1000,1040607,0,-1,4.603125,0.0,0.2538652734971399,0.0265974284585682
Full model,0,0.06,40,1000,1040608,0,157,10.540625,0.303125,0.3114120234878798,0.3319958879843272
Full model,0,0.06,40,1000,1040609,0,-1,4.75625,0.0,0.2827989680618246,0.0205948828148189
Full model,0,0.06,40,1000,1040610,0,149,10.91875,0.3,0.3346324892057593,0.3423176566381474
Full model,0,0.06,40,1000,1040611,0,146,12.45625,0.371875,0.3414584832269298,0.3930036895213672
Full model,0,0.06,40,1000,1040612,0,314,11.790625,0.365625,0.3581982421552896,0.3907701360167057
Full model,0,0.06,40,1000,1040613,0,158,11.79375,0.371875,0.3263266130556995,0.3856078032576643
Full model,0,0.06,40,1000,1040614,0,152,9.715625,0.240625,0.313857111704996,0.2728271423638507
Full model,0,0.06,40,1000,1040615,0,157,12.45,0.375,0.3221123288422697,0.3950631344525264
Full model,0,0.06,40,1000,1040616,1,139,23.246875,0.809375,0.4696489053310895,0.8152338019850742
Full model,0,0.06,40,1000,1040617,0,182,12.11875,0.36875,0.2921685711873364,0.3906597089857159
Full model,0,0.06,40,1000,1040618,0,160,8.446875,0.21875,0.3120137930752477,0.2611477115856382
Full model,0,0.06,40,1000,1040619,1,146,22.003125,0.734375,0.452479588798831,0.7747305461499667
Full model,0,0.06,40,1000,1040620,0,143,15.565625,0.5,0.3929426970496359,0.5186399844879273
Full model,0,0.06,40,1000,1040621,0,-1,5.465625,0.0625,0.2714464156608518,0.0887030018786803
Full model,0,0.06,40,1000,1040622,0,361,7.70625,0.18125,0.3125165048221978,0.2166578564721863
Full model,0,0.06,40,1000,1040623,0,152,5.58125,0.0625,0.2628991351384958,0.0852308602959827
Full model,0,0.06,40,1000,1040624,1,132,25.48125,0.925,0.4472463259983049,0.9353795129526918
Full model,0,0.06,40,1000,1040625,0,158,5.2,0.040625,0.2330197681462452,0.0772016103652573
Full model,0,0.06,40,1000,1040626,0,142,15.890625,0.5,0.366118755994661,0.5167699704652479
Full model,0,0.06,40,1000,1040627,0,-1,5.053125,0.01875,0.2227806993034937,0.0748336965120503
Full model,0,0.06,40,1000,1040628,1,135,27.978125,0.996875,0.5715225332800264,0.9975503731739364
Full model,0,0.06,40,1000,1040629,1,141,24.9375,0.865625,0.5098759769806367,0.8789473994456647
Full model,0,0.06,40,1000,1040630,0,-1,4.58125,0.0,0.2448939044528839,0.0354421608473625
Full model,0,0.06,40,1000,1040631,1,150,22.603125,0.8,0.424737139721062,0.816075796451727
Full model,0,0.06,40,1000,1040632,0,-1,6.140625,0.084375,0.2722868216458992,0.1421612398146949
Full model,0,0.06,40,1000,1040633,0,284,13.3125,0.434375,0.3325926659868556,0.4434329235115465
Full model,0,0.06,40,1000,1040634,1,143,23.4625,0.8125,0.4696655413766627,0.8133062466929255
Full model,0,0.06,40,1000,1040635,0,-1,6.459375,0.0625,0.3065393018615746,0.1317912191483082
Full model,0,0.06,40,1000,1040636,0,-1,5.403125,0.009375,0.2808654413828148,0.0728664690790901
Full model,0,0.06,40,1000,1040637,0,155,15.44375,0.496875,0.3895467333481613,0.510386758939772
Full model,0,0.06,40,1000,1040638,0,153,17.478125,0.55625,0.3853699813627271,0.5714800142802856
Full model,0,0.06,40,1000,1040639,0,163,13.271875,0.384375,0.3309294890558488,0.439271190510453
Full model,0,0.06,40,1000,1040640,0,148,17.60625,0.5625,0.3996683274466262,0.5716114640421636
Full model,0,0.06,40,1000,1040641,0,147,15.984375,0.5,0.3580184371950712,0.5099712509734187
Full model,0,0.06,40,1000,1040642,0,178,9.065625,0.25,0.3078581756747219,0.2608865337777989
Full model,0,0.06,40,1000,1040643,1,146,22.98125,0.809375,0.4394922137714608,0.8142877934375593
Full model,0,0.06,40,1000,1040644,0,317,8.825,0.246875,0.3036605989746146,0.2675943315362981
Full model,0,0.06,40,1000,1040645,0,340,6.190625,0.121875,0.2283006623581025,0.1389504547785696
Full model,0,0.06,40,1000,1040646,1,157,20.20625,0.690625,0.4373562233107068,0.693298119450352
Full model,0,0.06,40,1000,1040647,1,149,20.64375,0.6875,0.43204009192587,0.6986756931467188
Full model,0,0.06,40,1000,1040648,0,158,13.10625,0.428125,0.3323539269300778,0.4481204798032646
Full model,0,0.06,40,1000,1040649,1,141,21.84375,0.75,0.4520752223992051,0.7617920240001375
Full model,0,0.1,40,1000,1041000,0,153,16.859375,0.55625,0.3597709736503499,0.571029078458541
Full model,0,0.1,40,1000,1041001,1,147,27.059375,0.984375,0.5027929759898294,0.9971313841564798
Full model,0,0.1,40,1000,1041002,0,-1,5.515625,0.025,0.2812693844092183,0.081977335144556
Full model,0,0.1,40,1000,1041003,1,130,27.946875,0.996875,0.5470672570452249,0.9974685010278984
Full model,0,0.1,40,1000,1041004,0,-1,5.95625,0.0625,0.2717496886216405,0.1085790641663357
Full model,0,0.1,40,1000,1041005,1,139,26.15,0.93125,0.5272750219522941,0.9365051426668468
Full model,0,0.1,40,1000,1041006,1,147,24.75,0.875,0.4835273594702559,0.8745069493266865
Full model,0,0.1,40,1000,1041007,1,142,26.696875,0.934375,0.5459643040276205,0.9412394722505588
Full model,0,0.1,40,1000,1041008,0,202,11.85625,0.371875,0.3392164678276447,0.3860821211250242
Full model,0,0.1,40,1000,1041009,0,269,10.390625,0.3,0.3563755042424966,0.3422828678117584
Full model,0,0.1,40,1000,1041010,1,134,27.85625,1.0,0.527529772761597,0.9972888774219532
Full model,0,0.1,40,1000,1041011,1,139,23.253125,0.8125,0.4710709618744403,0.8132073336247501
Full model,0,0.1,40,1000,1041012,0,152,14.44375,0.4375,0.3687565197472365,0.4484960064315931
Full model,0,0.1,40,1000,1041013,0,151,14.9875,0.4875,0.3511141618386021,0.5120620166824427
Full model,0,0.1,40,1000,1041014,0,147,17.76875,0.5625,0.4311661483194206,0.5708437564467844
Full model,0,0.1,40,1000,1041015,0,152,17.2,0.5625,0.4004429759760158,0.5785244683226318
Full model,0,0.1,40,1000,1041016,0,316,6.3125,0.103125,0.261829920572283,0.1463630088226194
Full model,0,0.1,40,1000,1041017,1,149,20.603125,0.6875,0.4417868680853403,0.693726928424128
Full model,0,0.1,40,1000,1041018,1,134,27.728125,1.0,0.5240576155618217,0.9972891918176812
Full model,0,0.1,40,1000,1041019,1,141,26.1625,0.9375,0.4998801286871283,0.9359358811775332
Full model,0,0.1,40,1000,1041020,0,170,11.909375,0.3125,0.33366611006468,0.3297505090570149
Full model,0,0.1,40,1000,1041021,0,137,18.109375,0.625,0.3703061559665698,0.6292473226768349
Full model,0,0.1,40,1000,1041022,1,144,24.59375,0.871875,0.482427662797762,0.8768240935956624
Full model,0,0.1,40,1000,1041023,1,151,20.01875,0.6875,0.3843474663221464,0.6911924273291187
Full model,0,0.1,40,1000,1041024,1,138,27.696875,1.0,0.5385053510198788,0.9974040799738328
Full model,0,0.1,40,1000,1041025,0,153,12.825,0.378125,0.3357345333851947,0.3878207362144522
Full model,0,0.1,40,1000,1041026,0,145,16.115625,0.5,0.4021965851332328,0.516343921412246
Full model,0,0.1,40,1000,1041027,1,148,24.740625,0.871875,0.4950082210448484,0.875031394100135
Full model,0,0.1,40,1000,1041028,1,132,27.615625,1.0,0.5227836440930596,0.9974064552054284
Full model,0,0.1,40,1000,1041029,0,264,7.871875,0.190625,0.2730615614034363,0.2010824012402886
Full model,0,0.1,40,1000,1041030,0,329,7.975,0.18125,0.3569474862276727,0.2116073942442506
Full model,0,0.1,40,1000,1041031,0,227,11.25625,0.3125,0.2916876562148531,0.3256934337145696
Full model,0,0.1,40,1000,1041032,1,136,27.55625,1.0,0.5237999855147201,0.9973986018763864
Full model,0,0.1,40,1000,1041033,1,138,27.790625,1.0,0.5340940657326031,0.9973119505105936
Full model,0,0.1,40,1000,1041034,0,165,10.534375,0.3125,0.314344566220572,0.3275700971483629
Full model,0,0.1,40,1000,1041035,1,137,27.559375,0.99375,0.52155671813896,0.9971920393127012
Full model,0,0.1,40,1000,1041036,0,150,18.215625,0.559375,0.4231837102265225,0.5781381696846848
Full model,0,0.1,40,1000,1041037,1,138,27.934375,1.0,0.5596536032509085,0.9973926938237042
Full model,0,0.1,40,1000,1041038,0,199,11.896875,0.3125,0.3133434230213335,0.3372873012510514
Full model,0,0.1,40,1000,1041039,1,139,27.803125,0.990625,0.5390503515516916,0.9973650840993792
Full model,0,0.1,40,1000,1041040,1,141,26.346875,0.9375,0.5123247168219413,0.938000671391134
Full model,0,0.1,40,1000,1041041,1,151,21.846875,0.75,0.4254025096535104,0.7547006002572114
Full model,0,0.1,40,1000,1041042,1,150,20.853125,0.6875,0.501698116686687,0.6945217445312563
Full model,0,0.1,40,1000,1041043,0,156,12.34375,0.371875,0.3279345765173209,0.3907260109236155
Full model,0,0.1,40,1000,1041044,0,209,10.459375,0.309375,0.3215362610661406,0.3315942549017276
Full model,0,0.1,40,1000,1041045,1,138,27.875,0.99375,0.5598870150875425,0.9974255415927444
Full model,0,0.1,40,1000,1041046,0,161,11.54375,0.371875,0.2934666522573527,0.3891196500507584
Full model,0,0.1,40,1000,1041047,1,142,27.98125,1.0,0.5926470457391299,0.9976232527509036
Full model,0,0.1,40,1000,1041048,1,144,23.309375,0.80625,0.4593330443068194,0.8139472847763902
Full model,0,0.1,40,1000,1041049,1,150,21.990625,0.740625,0.481450616372019,0.7530364255150995
Full model,0,0.16,40,1000,1041600,1,152,23.571875,0.8125,0.4973838351981805,0.8145308989361133
Full model,0,0.16,40,1000,1041601,1,136,28.146875,1.0,0.5673628784505771,0.9975692258380408
Full model,0,0.16,40,1000,1041602,0,239,13.53125,0.43125,0.3244582630604612,0.4528182617296041
Full model,0,0.16,40,1000,1041603,1,131,27.809375,1.0,0.5381247186114487,0.9974250416360002
Full model,0,0.16,40,1000,1041604,1,155,21.453125,0.75,0.4377609125610308,0.752612710869457
Full model,0,0.16,40,1000,1041605,0,-1,4.7375,0.0,0.2644271504157827,0.0251433259437261
Full model,0,0.16,40,1000,1041606,1,140,27.671875,1.0,0.5473276592674583,0.9974276831040616
Full model,0,0.16,40,1000,1041607,0,221,14.703125,0.49375,0.3285384365393802,0.5077341861416064
Full model,0,0.16,40,1000,1041608,1,147,23.88125,0.815625,0.5057865185883998,0.8189720293374789
Full model,0,0.16,40,1000,1041609,1,133,27.665625,0.99375,0.5196417035145554,0.9973471308190988
Full model,0,0.16,40,1000,1041610,0,208,9.75,0.24375,0.3238321027482827,0.2743048853384659
Full model,0,0.16,40,1000,1041611,0,156,16.796875,0.559375,0.3770780945063383,0.568650982121407
Full model,0,0.16,40,1000,1041612,1,146,27.903125,1.0,0.5452006034757597,0.997475985467385
Full model,0,0.16,40,1000,1041613,0,-1,4.659375,0.0,0.2472445390897952,0.0236310586497797
Full model,0,0.16,40,1000,1041614,1,152,22.440625,0.75,0.5001607430986437,0.7552503798165752
Full model,0,0.16,40,1000,1041615,1,142,27.58125,0.99375,0.5368980869912379,0.9974358130443668
Full model,0,0.16,40,1000,1041616,1,139,27.80625,0.996875,0.5395020107226935,0.9973855741693076
Full model,0,0.16,40,1000,1041617,0,-1,5.04375,0.0,0.2819148627170843,0.0346568954703059
Full model,0,0.16,40,1000,1041618,0,319,8.690625,0.1875,0.3037784559508712,0.2233056238292514
Full model,0,0.16,40,1000,1041619,0,377,7.94375,0.2,0.352398777643099,0.258769797128315
Full model,0,0.16,40,1000,1041620,1,139,27.80625,0.996875,0.555062772096459,0.9974204809799856
Full model,0,0.16,40,1000,1041621,1,137,27.659375,1.0,0.5324746984019777,0.9974241097268292
Full model,0,0.16,40,1000,1041622,1,156,20.978125,0.6875,0.4761688301361162,0.6951523309285379
Full model,0,0.16,40,1000,1041623,0,254,9.340625,0.24375,0.3049459386881755,0.2764537443272958
Full model,0,0.16,40,1000,1041624,0,-1,5.4,0.040625,0.2729437980896857,0.0799556691454833
Full model,0,0.16,40,1000,1041625,1,146,25.31875,0.875,0.5231427211579811,0.874939722851588
Full model,0,0.16,40,1000,1041626,1,141,27.88125,0.996875,0.5448104188419802,0.9973937627306124
Full model,0,0.16,40,1000,1041627,1,143,27.921875,1.0,0.5500066368734801,0.9975160844155668
Full model,0,0.16,40,1000,1041628,1,141,27.628125,0.996875,0.5539237600087347,0.9974913487486364
Full model,0,0.16,40,1000,1041629,1,143,27.8,1.0,0.5347523993891923,0.9973944119055328
Full model,0,0.16,40,1000,1041630,1,137,27.825,0.99375,0.5667261613575166,0.9975164033571208
Full model,0,0.16,40,1000,1041631,1,146,27.35,1.0,0.5121334663305517,0.9972358421945968
Full model,0,0.16,40,1000,1041632,1,138,28.025,0.996875,0.5811127577135647,0.9976579019922576
Full model,0,0.16,40,1000,1041633,0,219,9.19375,0.246875,0.3033569365599995,0.2631978947356193
Full model,0,0.16,40,1000,1041634,0,166,14.703125,0.478125,0.3683459856931771,0.5062301830403892
Full model,0,0.16,40,1000,1041635,1,146,27.290625,1.0,0.4936864802101219,0.9971457276217052
Full model,0,0.16,40,1000,1041636,1,139,28.29375,1.0,0.5933401631695381,0.9976139139112346
Full model,0,0.16,40,1000,1041637,1,139,27.528125,0.996875,0.5184737536374462,0.9972902809671088
Full model,0,0.16,40,1000,1041638,1,148,26.003125,0.93125,0.4959383097145139,0.9360262251234276
Full model,0,0.16,40,1000,1041639,1,140,27.340625,0.99375,0.5107485931523892,0.997275913888209
Full model,0,0.16,40,1000,1041640,1,146,24.23125,0.85625,0.4684858592080951,0.8830939620032552
Full model,0,0.16,40,1000,1041641,1,133,27.86875,1.0,0.5525873888655968,0.9974774691100292
Full model,0,0.16,40,1000,1041642,1,140,28.0375,0.99375,0.5668993029461745,0.9975704045943418
Full model,0,0.16,40,1000,1041643,1,141,27.5875,0.990625,0.5253906154383284,0.9972876817082328
Full model,0,0.16,40,1000,1041644,1,138,27.9625,1.0,0.5609977555514265,0.9974313134900784
Full model,0,0.16,40,1000,1041645,1,155,18.996875,0.621875,0.4444625945216353,0.6492187899321049
Full model,0,0.16,40,1000,1041646,1,140,27.315625,0.99375,0.510165564846077,0.997246026926876
Full model,0,0.16,40,1000,1041647,1,132,27.846875,0.996875,0.5529080861808721,0.9974225377184912
Full model,0,0.16,40,1000,1041648,0,157,15.5625,0.5,0.3492813083321161,0.5075727911583887
Full model,0,0.16,40,1000,1041649,1,144,27.753125,1.0,0.5344515328536911,0.997336623069084
Full model,0,0.03,60,1500,1060300,0,207,11.371875,0.31875,0.3060103192528086,0.3696650254871524
Full model,0,0.03,60,1500,1060301,1,151,26.396875,0.934375,0.5406619864401145,0.936253584268413
Full model,0,0.03,60,1500,1060302,1,168,20.071875,0.684375,0.4010543422143369,0.6917918962356601
Full model,0,0.03,60,1500,1060303,0,-1,5.659375,0.034375,0.289793921108597,0.0843583888689995
Full model,0,0.03,60,1500,1060304,1,148,27.165625,0.99375,0.526095588000703,0.9910880267171072
Full model,0,0.03,60,1500,1060305,1,150,22.2,0.75,0.4815391799956243,0.7533088563689784
Full model,0,0.03,60,1500,1060306,1,173,20.475,0.684375,0.4265324274398147,0.6933210487346225
Full model,0,0.03,60,1500,1060307,1,171,21.2125,0.746875,0.4396919970548111,0.7522864723263576
Full model,0,0.03,60,1500,1060308,0,344,9.8,0.25,0.3544834390633844,0.2757884585652546
Full model,0,0.03,60,1500,1060309,0,-1,4.328125,0.0,0.2329978583176844,0.0166337175116812
Full model,0,0.03,60,1500,1060310,0,159,18.2,0.5625,0.4487762409122979,0.5917312192107846
Full model,0,0.03,60,1500,1060311,0,242,11.00625,0.3,0.3337022828660051,0.3605000847776146
Full model,0,0.03,60,1500,1060312,0,192,7.8875,0.18125,0.2703429364779936,0.2050203421065259
Full model,0,0.03,60,1500,1060313,0,161,17.928125,0.621875,0.4292878903178905,0.6396682812902627
Full model,0,0.03,60,1500,1060314,0,176,13.04375,0.434375,0.3274252088729414,0.4460564201704819
Full model,0,0.03,60,1500,1060315,0,185,15.6625,0.453125,0.4045273074462827,0.5032229016696029
Full model,0,0.03,60,1500,1060316,0,160,15.6625,0.5,0.4029877956326471,0.5143148251108534
Full model,0,0.03,60,1500,1060317,0,157,10.13125,0.25,0.2884574403336523,0.2762393071885378
Full model,0,0.03,60,1500,1060318,1,135,22.14375,0.74375,0.4929589243459193,0.7527484932894528
Full model,0,0.03,60,1500,1060319,1,145,19.965625,0.684375,0.3971058361116886,0.691114899562984
Full model,0,0.03,60,1500,1060320,0,346,6.33125,0.11875,0.2886529515954649,0.1465873531985875
Full model,0,0.03,60,1500,1060321,0,-1,6.05625,0.0875,0.3228107434249704,0.1340361615247708
Full model,0,0.03,60,1500,1060322,0,157,17.3125,0.5625,0.4306427440405774,0.5801684836930294
Full model,0,0.03,60,1500,1060323,0,267,7.859375,0.184375,0.2582135625953428,0.2047465245066116
Full model,0,0.03,60,1500,1060324,0,170,15.15625,0.49375,0.3741175195803265,0.5206901075061598
Full model,0,0.03,60,1500,1060325,0,178,9.25625,0.25,0.2812968211343519,0.2611255003942253
Full model,0,0.03,60,1500,1060326,0,149,15.940625,0.496875,0.3567068016430482,0.5131483736424566
Full model,0,0.03,60,1500,1060327,0,171,18.16875,0.5625,0.4051430802450758,0.5759260274061432
Full model,0,0.03,60,1500,1060328,0,171,11.66875,0.3125,0.3509229014901915,0.3346051720721052
Full model,0,0.03,60,1500,1060329,0,244,7.91875,0.178125,0.3080227377501189,0.2099006530060265
Full model,0,0.03,60,1500,1060330,0,-1,4.409375,0.0,0.2396830353432168,0.0190805812555756
Full model,0,0.03,60,1500,1060331,0,237,7.6625,0.184375,0.296497053874106,0.2018600431924651
Full model,0,0.03,60,1500,1060332,1,152,20.253125,0.684375,0.4097950058497271,0.6914856781590409
Full model,0,0.03,60,1500,1060333,0,168,15.203125,0.49375,0.3425749937814429,0.5099865070584186
Full model,0,0.03,60,1500,1060334,0,170,15.284375,0.496875,0.3739652735669417,0.5175315761009259
Full model,0,0.03,60,1500,1060335,0,151,16.05625,0.496875,0.355123997655447,0.5094282218108407
Full model,0,0.03,60,1500,1060336,0,182,12.15,0.3625,0.3300805933819531,0.3963875077444491
Full model,0,0.03,60,1500,1060337,1,169,21.821875,0.75,0.446317636293836,0.7539108957686039
Full model,0,0.03,60,1500,1060338,0,-1,6.415625,0.1,0.293426036221556,0.1608301645332817
Full model,0,0.03,60,1500,1060339,1,154,21.675,0.746875,0.4242510629621506,0.7523723629754376
Full model,0,0.03,60,1500,1060340,0,267,9.409375,0.25,0.3108598833123048,0.2746165515445909
Full model,0,0.03,60,1500,1060341,0,-1,5.671875,0.0625,0.2992000796926225,0.1005854609955154
Full model,0,0.03,60,1500,1060342,0,161,8.865625,0.24375,0.2660895645551836,0.2634715955225412
Full model,0,0.03,60,1500,1060343,0,181,10.296875,0.25625,0.3082185594229079,0.2862086947457132
Full model,0,0.03,60,1500,1060344,0,-1,4.365625,0.0,0.2318450030617417,0.0182317464450024
Full model,0,0.03,60,1500,1060345,0,166,17.89375,0.625,0.4023169111753432,0.6295118662971639
Full model,0,0.03,60,1500,1060346,0,154,12.875,0.375,0.3621679310873207,0.3863609222516292
Full model,0,0.03,60,1500,1060347,0,162,17.33125,0.55625,0.3724939845091167,0.5727075490605401
Full model,0,0.03,60,1500,1060348,0,151,14.659375,0.440625,0.371405686324733,0.4500674548018654
Full model,0,0.03,60,1500,1060349,0,348,10.3,0.3125,0.3060952716646941,0.3235043175269879
Full model,0,0.06,60,1500,1060600,1,154,19.41875,0.625,0.4463502670977184,0.6347526439160247
Full model,0,0.06,60,1500,1060601,1,152,21.9,0.746875,0.4399333942375086,0.7651477377788949
Full model,0,0.06,60,1500,1060602,0,211,8.065625,0.1875,0.278075454743058,0.2054443822097375
Full model,0,0.06,60,1500,1060603,1,139,26.2125,0.93125,0.5384749562230542,0.936330614833331
Full model,0,0.06,60,1500,1060604,0,316,16.840625,0.553125,0.3695257238434992,0.5730764492868444
Full model,0,0.06,60,1500,1060605,1,149,27.6,1.0,0.5129069141802824,0.9972692482222596
Full model,0,0.06,60,1500,1060606,0,163,19.109375,0.625,0.4012500779018738,0.6334423768759055
Full model,0,0.06,60,1500,1060607,1,144,28.046875,1.0,0.5698927075383263,0.9974803342699372
Full model,0,0.06,60,1500,1060608,0,-1,4.384375,0.0,0.2355828762727077,0.0225638728530858
Full model,0,0.06,60,1500,1060609,0,-1,5.684375,0.0,0.3239459581570713,0.073831816258724
Full model,0,0.06,60,1500,1060610,1,150,24.79375,0.86875,0.4952664591844753,0.876319258769098
Full model,0,0.06,60,1500,1060611,0,176,9.39375,0.24375,0.2956456756816841,0.2714448476276332
Full model,0,0.06,60,1500,1060612,1,144,21.6625,0.74375,0.4502220803033713,0.7518820054319514
Full model,0,0.06,60,1500,1060613,1,135,26.94375,1.0,0.4753199306334393,0.997052008204046
Full model,0,0.06,60,1500,1060614,1,136,26.409375,0.9375,0.5294160318947111,0.9362216140440616
Full model,0,0.06,60,1500,1060615,1,166,21.85625,0.74375,0.4300532814362157,0.7539989367122001
Full model,0,0.06,60,1500,1060616,1,155,25.00625,0.871875,0.5159089980055517,0.8759194950730603
Full model,0,0.06,60,1500,1060617,1,156,21.790625,0.746875,0.4457775782461365,0.7537254086342388
Full model,0,0.06,60,1500,1060618,0,256,6.740625,0.115625,0.2975057739584146,0.14563178530159
Full model,0,0.06,60,1500,1060619,1,139,25.98125,0.934375,0.513828976243183,0.93606467211718
Full model,0,0.06,60,1500,1060620,1,140,24.890625,0.875,0.5061745879696893,0.8767623466912664
Full model,0,0.06,60,1500,1060621,0,153,14.36875,0.440625,0.3930808816754343,0.4592768816516303
Full model,0,0.06,60,1500,1060622,1,136,27.2,0.984375,0.5005180340771326,0.9972210305587156
Full model,0,0.06,60,1500,1060623,0,173,12.84375,0.375,0.2975279885786178,0.3842281883323745
Full model,0,0.06,60,1500,1060624,1,144,27.259375,0.996875,0.5022614178187186,0.997291589839044
Full model,0,0.06,60,1500,1060625,1,147,26.3125,0.934375,0.5364437714146695,0.9376434151277644
Full model,0,0.06,60,1500,1060626,1,142,24.715625,0.871875,0.4747471811848788,0.8763645389691824
Full model,0,0.06,60,1500,1060627,0,182,13.890625,0.48125,0.3541711846629665,0.506687141858008
Full model,0,0.06,60,1500,1060628,1,130,27.853125,0.99375,0.5672881456968601,0.997488681834327
Full model,0,0.06,60,1500,1060629,0,287,10.434375,0.309375,0.3016546536655723,0.3265202339907098
Full model,0,0.06,60,1500,1060630,0,270,8.15625,0.215625,0.2544602721500469,0.2453953955990656
Full model,0,0.06,60,1500,1060631,1,156,20.721875,0.684375,0.4463098340178896,0.6967377744557842
Full model,0,0.06,60,1500,1060632,0,-1,4.4,0.0,0.2317124985106047,0.0201774950685615
Full model,0,0.06,60,1500,1060633,0,161,17.45,0.5625,0.3942678295852617,0.5711786612842235
Full model,0,0.06,60,1500,1060634,1,149,26.1,0.934375,0.5190748185359304,0.9363764123586198
Full model,0,0.06,60,1500,1060635,1,137,27.665625,1.0,0.5302459911201037,0.9974510589716298
Full model,0,0.06,60,1500,1060636,0,181,13.009375,0.384375,0.3893837701769809,0.4233111352401998
Full model,0,0.06,60,1500,1060637,0,161,13.571875,0.434375,0.353400684180945,0.4482483642413545
Full model,0,0.06,60,1500,1060638,1,144,24.971875,0.871875,0.5143353045244575,0.8749503249898112
Full model,0,0.06,60,1500,1060639,1,153,27.928125,1.0,0.5660268177795528,0.9974260969397646
Full model,0,0.06,60,1500,1060640,0,-1,4.696875,0.0,0.239832904449831,0.0204141518384157
Full model,0,0.06,60,1500,1060641,0,156,16.325,0.559375,0.3807886698108362,0.5708295271926506
Full model,0,0.06,60,1500,1060642,0,163,9.225,0.25,0.3095835464741511,0.2799663219877727
Full model,0,0.06,60,1500,1060643,1,157,20.828125,0.684375,0.4759223315603115,0.7019443723003969
Full model,0,0.06,60,1500,1060644,0,-1,4.371875,0.0,0.2448826462278269,0.0173789718306351
Full model,0,0.06,60,1500,1060645,1,142,26.340625,0.9375,0.5142230531668982,0.93620127644602
Full model,0,0.06,60,1500,1060646,0,-1,4.478125,0.0,0.2843834804106554,0.0215730518256601
Full model,0,0.06,60,1500,1060647,0,247,8.1375,0.1875,0.2992719649176125,0.2050776229798085
Full model,0,0.06,60,1500,1060648,1,142,24.69375,0.878125,0.4870008578299902,0.8758046540839789
Full model,0,0.06,60,1500,1060649,1,152,27.740625,0.996875,0.5290299297360808,0.9973182240046564
Full model,0,0.1,60,1500,1061000,1,159,27.1625,1.0,0.5008186393972528,0.9972830065722796
Full model,0,0.1,60,1500,1061001,0,-1,4.771875,0.0,0.2587498263882788,0.0366591043635086
Full model,0,0.1,60,1500,1061002,1,142,27.434375,0.996875,0.504351368432231,0.997227679088226
Full model,0,0.1,60,1500,1061003,1,128,27.765625,0.996875,0.514419716012206,0.9973309678113776
Full model,0,0.1,60,1500,1061004,1,143,27.825,0.99375,0.5692383672209291,0.9975822023219624
Full model,0,0.1,60,1500,1061005,1,157,28.23125,0.996875,0.5785121248006458,0.9974883409825857
Full model,0,0.1,60,1500,1061006,1,132,27.846875,1.0,0.5476817379016001,0.9974214957995756
Full model,0,0.1,60,1500,1061007,0,187,15.14375,0.5,0.3437442066855199,0.5420768757810988
Full model,0,0.1,60,1500,1061008,1,131,27.640625,1.0,0.5311012692919045,0.9974751108097925
Full model,0,0.1,60,1500,1061009,1,140,27.90625,1.0,0.554471440224437,0.99751998781449
Full model,0,0.1,60,1500,1061010,1,163,20.771875,0.684375,0.456858086222271,0.6964150842400598
Full model,0,0.1,60,1500,1061011,1,157,25.946875,0.93125,0.4962516932032839,0.9358505510703712
Full model,0,0.1,60,1500,1061012,0,329,9.621875,0.3,0.3113129623312032,0.3228182599628116
Full model,0,0.1,60,1500,1061013,0,386,6.11875,0.09375,0.2495971768473425,0.1363107921238619
Full model,0,0.1,60,1500,1061014,1,141,27.8875,0.996875,0.5711420790001045,0.9975975652672248
Full model,0,0.1,60,1500,1061015,1,141,27.71875,0.996875,0.5552510851703205,0.9974263478450772
Full model,0,0.1,60,1500,1061016,0,165,17.240625,0.559375,0.389388525450938,0.5714913317929585
Full model,0,0.1,60,1500,1061017,1,149,27.621875,0.990625,0.5395556088763904,0.9974488226288596
Full model,0,0.1,60,1500,1061018,1,138,27.3125,0.990625,0.5201419576308315,0.9972261802042908
Full model,0,0.1,60,1500,1061019,0,-1,5.5125,0.046875,0.2882983314187787,0.0850289511840681
Full model,0,0.1,60,1500,1061020,0,-1,5.4125,0.0625,0.2483026544732855,0.0802262043661892
Full model,0,0.1,60,1500,1061021,1,156,26.3375,0.9375,0.5362165466596995,0.9360691988087008
Full model,0,0.1,60,1500,1061022,1,138,27.925,0.996875,0.5616398605055123,0.9974410167888206
Full model,0,0.1,60,1500,1061023,1,154,27.571875,0.996875,0.5275434332177424,0.997299301817141
Full model,0,0.1,60,1500,1061024,0,233,8.121875,0.1875,0.2684894889705251,0.2030900703286712
Full model,0,0.1,60,1500,1061025,1,149,26.596875,0.9375,0.5612307360957945,0.9506329926027888
Full model,0,0.1,60,1500,1061026,1,165,26.225,0.934375,0.5101162963544391,0.9458926406429248
Full model,0,0.1,60,1500,1061027,1,140,28.0875,1.0,0.583191607097979,0.9975069058885668
Full model,0,0.1,60,1500,1061028,0,172,18.68125,0.61875,0.404553546660673,0.6327197380887469
Full model,0,0.1,60,1500,1061029,1,137,27.9375,1.0,0.564341280215848,0.9975508554027684
Full model,0,0.1,60,1500,1061030,1,143,28.065625,1.0,0.5621084576475055,0.997584948303061
Full model,0,0.1,60,1500,1061031,1,135,27.996875,1.0,0.5727603610415091,0.997491662411371
Full model,0,0.1,60,1500,1061032,1,166,24.575,0.865625,0.4849666014745352,0.8754175805937348
Full model,0,0.1,60,1500,1061033,0,166,14.49375,0.4375,0.3587980043036969,0.4494638936070918
Full model,0,0.1,60,1500,1061034,0,166,17.68125,0.5625,0.4149433906150502,0.6034544355961885
Full model,0,0.1,60,1500,1061035,1,136,27.584375,1.0,0.5527202301306686,0.9974080939715566
Full model,0,0.1,60,1500,1061036,1,144,27.621875,0.99375,0.5414182115705106,0.9971295389546028
Full model,0,0.1,60,1500,1061037,1,155,27.953125,0.996875,0.5545955906797483,0.9975168402234632
Full model,0,0.1,60,1500,1061038,1,147,28.084375,1.0,0.600678506775449,0.9976621225534268
Full model,0,0.1,60,1500,1061039,1,140,27.203125,0.990625,0.5039253008631849,0.9970852952856633
Full model,0,0.1,60,1500,1061040,1,141,27.878125,0.996875,0.5486789756533527,0.9974353616763934
Full model,0,0.1,60,1500,1061041,1,138,27.88125,0.99375,0.5359627813414242,0.9975226274622696
Full model,0,0.1,60,1500,1061042,1,157,27.684375,1.0,0.5416650434493311,0.9973037471034728
Full model,0,0.1,60,1500,1061043,0,197,11.925,0.375,0.3533290196413558,0.3864633522024688
Full model,0,0.1,60,1500,1061044,1,138,27.346875,0.996875,0.500703838379111,0.9972460846998392
Full model,0,0.1,60,1500,1061045,1,135,27.30625,0.996875,0.5068643154065875,0.9973420244033296
Full model,0,0.1,60,1500,1061046,1,153,26.053125,0.9375,0.4913104583146638,0.9359063904208196
Full model,0,0.1,60,1500,1061047,1,133,27.86875,0.996875,0.558317619675989,0.997413311559039
Full model,0,0.1,60,1500,1061048,1,158,26.3375,0.93125,0.5306484879068926,0.9365325106004172
Full model,0,0.1,60,1500,1061049,0,171,13.746875,0.434375,0.3474257196066227,0.4492961521667218
Full model,0,0.16,60,1500,1061600,1,134,27.80625,0.996875,0.535930804999492,0.9973128733140986
Full model,0,0.16,60,1500,1061601,1,168,21.753125,0.74375,0.4327290471568549,0.7545078728364983
Full model,0,0.16,60,1500,1061602,1,148,27.4375,0.996875,0.5292488348319464,0.9972910863120276
Full model,0,0.16,60,1500,1061603,1,134,27.925,0.99375,0.58191945803656,0.9975522677890364
Full model,0,0.16,60,1500,1061604,1,144,27.278125,1.0,0.4888399273375987,0.9971765468897004
Full model,0,0.16,60,1500,1061605,1,135,27.60625,1.0,0.5237835088177512,0.9973248941673648
Full model,0,0.16,60,1500,1061606,1,150,28.078125,0.996875,0.5852539371904344,0.9975533464747552
Full model,0,0.16,60,1500,1061607,1,128,27.746875,0.996875,0.537865057436342,0.997410296426792
Full model,0,0.16,60,1500,1061608,1,134,27.71875,1.0,0.5388255735761767,0.9973113490461338
Full model,0,0.16,60,1500,1061609,1,144,27.440625,0.996875,0.5252513487262672,0.9973563497583856
Full model,0,0.16,60,1500,1061610,1,173,18.63125,0.628125,0.4191813569256479,0.6316507055949727
Full model,0,0.16,60,1500,1061611,1,177,19.58125,0.621875,0.4274705369727878,0.6525372749162921
Full model,0,0.16,60,1500,1061612,1,172,26.121875,0.934375,0.4964930059454382,0.9370009296648154
Full model,0,0.16,60,1500,1061613,1,156,27.825,1.0,0.5522333133365096,0.9974249064093444
Full model,0,0.16,60,1500,1061614,0,290,8.959375,0.246875,0.3041596647784857,0.2634169065623672
Full model,0,0.16,60,1500,1061615,1,147,27.684375,0.99375,0.5591514860242446,0.9974551957935832
Full model,0,0.16,60,1500,1061616,1,136,27.434375,0.996875,0.5305968325929804,0.997300344033807
Full model,0,0.16,60,1500,1061617,1,151,27.99375,0.99375,0.5452825539662974,0.9973684162759604
Full model,0,0.16,60,1500,1061618,1,137,27.659375,0.990625,0.5394444643688894,0.9973308297719784
Full model,0,0.16,60,1500,1061619,1,155,27.80625,0.99375,0.5492327024199222,0.9974009688955134
Full model,0,0.16,60,1500,1061620,1,145,27.771875,0.996875,0.5383237703695655,0.997361551844911
Full model,0,0.16,60,1500,1061621,1,152,27.34375,1.0,0.5207237226101772,0.9972740927819536
Full model,0,0.16,60,1500,1061622,1,130,27.69375,1.0,0.5312480589800497,0.9973602102573974
Full model,0,0.16,60,1500,1061623,1,144,27.7625,0.990625,0.5390494604141038,0.9972642042091834
Full model,0,0.16,60,1500,1061624,1,139,27.70625,0.996875,0.5581119805772861,0.9974778314735158
Full model,0,0.16,60,1500,1061625,1,138,27.446875,0.996875,0.5181700928346371,0.997319733166546
Full model,0,0.16,60,1500,1061626,0,175,12.696875,0.375,0.3453089454395555,0.3875381979651774
Full model,0,0.16,60,1500,1061627,1,136,27.803125,0.996875,0.5554711280457914,0.9974634853207064
Full model,0,0.16,60,1500,1061628,1,140,27.503125,0.996875,0.5155441433951407,0.9972495958837644
Full model,0,0.16,60,1500,1061629,1,143,27.8,1.0,0.5431149215906854,0.9974797305808484
Full model,0,0.16,60,1500,1061630,1,138,27.79375,1.0,0.5473798188087071,0.997384034389486
Full model,0,0.16,60,1500,1061631,1,144,27.95625,1.0,0.5710963422364517,0.9974714200060596
Full model,0,0.16,60,1500,1061632,1,143,27.590625,1.0,0.5141813627844622,0.997332329999423
Full model,0,0.16,60,1500,1061633,1,150,28.159375,1.0,0.5745340734995876,0.9974271742086828
Full model,0,0.16,60,1500,1061634,0,184,13.09375,0.409375,0.357272922566626,0.4441083938768773
Full model,0,0.16,60,1500,1061635,1,135,27.8375,0.996875,0.5654959421569961,0.9975033068822222
Full model,0,0.16,60,1500,1061636,0,173,16.228125,0.559375,0.3729064532316357,0.5714095772691011
Full model,0,0.16,60,1500,1061637,1,140,27.76875,0.9875,0.5587455541171659,0.9973650954938564
Full model,0,0.16,60,1500,1061638,1,148,27.45625,1.0,0.5252492834669643,0.9974303711267966
Full model,0,0.16,60,1500,1061639,1,137,27.49375,0.99375,0.5465073240489687,0.9972875161351964
Full model,0,0.16,60,1500,1061640,1,141,27.83125,0.99375,0.5627901586136022,0.9975560115185772
Full model,0,0.16,60,1500,1061641,1,137,28.30625,1.0,0.5891413059849266,0.9976606055262132
Full model,0,0.16,60,1500,1061642,1,155,27.825,1.0,0.5670735195029833,0.9973937961814936
Full model,0,0.16,60,1500,1061643,1,150,27.684375,1.0,0.5432997989181035,0.9973696018755276
Full model,0,0.16,60,1500,1061644,0,181,15.49375,0.496875,0.4077271141949451,0.5172541338210449
Full model,0,0.16,60,1500,1061645,0,170,11.8625,0.371875,0.2794880389054534,0.3844847127944863
Full model,0,0.16,60,1500,1061646,1,147,27.371875,1.0,0.4946962678907096,0.997172318098816
Full model,0,0.16,60,1500,1061647,1,140,27.74375,0.99375,0.5430647882984795,0.9973254575051952
Full model,0,0.16,60,1500,1061648,1,139,27.875,0.996875,0.5598792574520652,0.997514009373567
Full model,0,0.16,60,1500,1061649,1,146,27.725,1.0,0.5509838607492551,0.9974685287902284
Full model,0,0.03,80,2000,1080300,1,143,24.721875,0.875,0.467390348865815,0.8743928542334536
Full model,0,0.03,80,2000,1080301,0,190,10.75,0.30625,0.3257291422781342,0.3261143736260007
Full model,0,0.03,80,2000,1080302,1,197,22.0375,0.74375,0.472085230266637,0.7529951275044059
Full model,0,0.03,80,2000,1080303,0,235,8.54375,0.246875,0.27849254442185,0.2681305939949503
Full model,0,0.03,80,2000,1080304,0,-1,4.9625,0.0,0.2779893240032215,0.0316566412993831
Full model,0,0.03,80,2000,1080305,1,139,24.6,0.865625,0.490533914552983,0.8782775717004774
Full model,0,0.03,80,2000,1080306,1,145,19.184375,0.625,0.4238873950637821,0.6331620484216762
Full model,0,0.03,80,2000,1080307,0,161,16.8125,0.503125,0.4013998604504102,0.54732850655259
Full model,0,0.03,80,2000,1080308,0,272,9.659375,0.28125,0.2905683152486139,0.3061595726207285
Full model,0,0.03,80,2000,1080309,0,197,15.078125,0.5,0.340306374712066,0.518928405632829
Full model,0,0.03,80,2000,1080310,1,156,22.503125,0.75,0.4892109241058094,0.7620414612575505
Full model,0,0.03,80,2000,1080311,0,181,15.028125,0.4375,0.3455800247923916,0.4652980614140959
Full model,0,0.03,80,2000,1080312,0,176,17.584375,0.559375,0.400853203265365,0.5876297101869947
Full model,0,0.03,80,2000,1080313,0,210,8.603125,0.1875,0.3069648023217651,0.2218304853193851
Full model,0,0.03,80,2000,1080314,0,165,20.265625,0.6875,0.451205277152945,0.6953404649531415
Full model,0,0.03,80,2000,1080315,0,196,5.25,0.05625,0.2352042943676398,0.0782932694900139
Full model,0,0.03,80,2000,1080316,1,159,23.125,0.80625,0.4550497737142454,0.8151434715383413
Full model,0,0.03,80,2000,1080317,0,229,11.075,0.30625,0.3298090982461436,0.3272159221126143
Full model,0,0.03,80,2000,1080318,1,169,24.453125,0.8625,0.4623793767761075,0.8745875183667137
Full model,0,0.03,80,2000,1080319,1,153,23.446875,0.8125,0.4865361537058296,0.8147057212443966
Full model,0,0.03,80,2000,1080320,0,175,19.95,0.6875,0.4035407432734635,0.6941133096544029
Full model,0,0.03,80,2000,1080321,1,173,21.85,0.746875,0.4293157447341551,0.7521861039568682
Full model,0,0.03,80,2000,1080322,0,255,15.834375,0.55,0.3413232030665402,0.5674860160948176
Full model,0,0.03,80,2000,1080323,0,154,17.4875,0.559375,0.3793247548039312,0.5694196666010626
Full model,0,0.03,80,2000,1080324,1,172,23.278125,0.809375,0.4894243174319208,0.8132283981401421
Full model,0,0.03,80,2000,1080325,0,-1,4.640625,0.0,0.2564155250722154,0.0193971846806546
Full model,0,0.03,80,2000,1080326,1,148,22.4,0.75,0.4897675878728779,0.7554316623077623
Full model,0,0.03,80,2000,1080327,1,144,19.284375,0.625,0.4347599403224899,0.6327219666715521
Full model,0,0.03,80,2000,1080328,0,-1,4.9625,0.0,0.2523813479033458,0.0572236071273494
Full model,0,0.03,80,2000,1080329,0,188,15.096875,0.4375,0.3788426354800255,0.4496637235285559
Full model,0,0.03,80,2000,1080330,0,187,15.978125,0.496875,0.3521911708102192,0.5144325523305788
Full model,0,0.03,80,2000,1080331,1,179,18.78125,0.625,0.4122500515867854,0.6299896124413088
Full model,0,0.03,80,2000,1080332,0,213,8.2375,0.184375,0.2699255019526724,0.208139052217966
Full model,0,0.03,80,2000,1080333,0,155,16.203125,0.49375,0.3905669624468068,0.5145054770022881
Full model,0,0.03,80,2000,1080334,1,175,19.4,0.621875,0.4236345766585238,0.6319895758386749
Full model,0,0.03,80,2000,1080335,0,201,8.1375,0.1875,0.279166682043925,0.2116635282625191
Full model,0,0.03,80,2000,1080336,1,159,23.7125,0.809375,0.5033127844862307,0.818616732900574
Full model,0,0.03,80,2000,1080337,0,152,14.81875,0.4375,0.367721360601316,0.4510264058648902
Full model,0,0.03,80,2000,1080338,0,241,6.796875,0.125,0.2676841260874567,0.1495698260023543
Full model,0,0.03,80,2000,1080339,0,201,6.48125,0.125,0.2783595423301449,0.1419583661918741
Full model,0,0.03,80,2000,1080340,0,187,13.634375,0.4375,0.3345355238082809,0.4474333490576646
Full model,0,0.03,80,2000,1080341,1,127,21.83125,0.75,0.4401828831776854,0.7521862496475106
Full model,0,0.03,80,2000,1080342,0,180,16.365625,0.5,0.3926029404352973,0.5168390505260416
Full model,0,0.03,80,2000,1080343,1,168,23.484375,0.8125,0.4552512320157502,0.8155885091157101
Full model,0,0.03,80,2000,1080344,1,163,22.7375,0.809375,0.4465976108243604,0.8156594372948023
Full model,0,0.03,80,2000,1080345,1,159,21.078125,0.734375,0.4376247021885458,0.7514944817796202
Full model,0,0.03,80,2000,1080346,0,180,10.4625,0.30625,0.3279474044867294,0.3262205935622967
Full model,0,0.03,80,2000,1080347,0,192,13.5875,0.425,0.3263805049331317,0.448614581831235
Full model,0,0.03,80,2000,1080348,0,263,7.94375,0.18125,0.2748364200292901,0.2126748971363373
Full model,0,0.03,80,2000,1080349,0,-1,5.83125,0.0625,0.2826532992548449,0.1323235302287208
Full model,0,0.06,80,2000,1080600,1,141,27.7125,0.996875,0.5235322829063755,0.9974109291255188
Full model,0,0.06,80,2000,1080601,1,163,27.890625,0.996875,0.5546792383171685,0.997427612486884
Full model,0,0.06,80,2000,1080602,1,169,23.675,0.8125,0.4805982612996263,0.8164919634561622
Full model,0,0.06,80,2000,1080603,1,139,27.65,1.0,0.5423201623876905,0.9974254366376047
Full model,0,0.06,80,2000,1080604,1,167,20.28125,0.684375,0.453208019956079,0.692404350824154
Full model,0,0.06,80,2000,1080605,1,157,27.725,0.99375,0.5402362627482697,0.997385133305652
Full model,0,0.06,80,2000,1080606,0,167,15.315625,0.49375,0.3633226798134757,0.5115581687202093
Full model,0,0.06,80,2000,1080607,0,188,14.1875,0.4375,0.367019370528716,0.4499068446028606
Full model,0,0.06,80,2000,1080608,1,147,27.346875,0.990625,0.5173159984463166,0.9970825903308544
Full model,0,0.06,80,2000,1080609,0,176,9.45,0.240625,0.272271633490893,0.2621143817077481
Full model,0,0.06,80,2000,1080610,1,134,28.0625,1.0,0.5564349362649507,0.9975051137957172
Full model,0,0.06,80,2000,1080611,1,153,28.053125,1.0,0.5826170912266989,0.997519826405263
Full model,0,0.06,80,2000,1080612,1,135,27.68125,1.0,0.5528896132053368,0.997381184647266
Full model,0,0.06,80,2000,1080613,0,203,12.490625,0.375,0.3205999463399772,0.385333194396353
Full model,0,0.06,80,2000,1080614,1,153,27.590625,1.0,0.5217799550110644,0.997263664632326
Full model,0,0.06,80,2000,1080615,1,178,21.840625,0.75,0.4387726597043122,0.7525346897840124
Full model,0,0.06,80,2000,1080616,1,148,27.515625,0.996875,0.5373268082225511,0.9972773983974867
Full model,0,0.06,80,2000,1080617,1,162,19.10625,0.625,0.4063952809641166,0.6326531922286646
Full model,0,0.06,80,2000,1080618,1,140,27.253125,1.0,0.497687044789343,0.9971295053254896
Full model,0,0.06,80,2000,1080619,0,185,9.9125,0.25,0.3317066697400032,0.2746319234692046
Full model,0,0.06,80,2000,1080620,1,162,20.6625,0.6875,0.4468707185009881,0.6965306773777268
Full model,0,0.06,80,2000,1080621,1,156,27.803125,0.99375,0.5501855253000947,0.9973341109911998
Full model,0,0.06,80,2000,1080622,1,150,27.43125,0.990625,0.5119526885301363,0.9971598467971492
Full model,0,0.06,80,2000,1080623,0,186,16.790625,0.559375,0.3300814655796446,0.5676830393464491
Full model,0,0.06,80,2000,1080624,0,195,10.6375,0.309375,0.3135856833319447,0.3290214116261938
Full model,0,0.06,80,2000,1080625,0,200,16.440625,0.5,0.4000379670661699,0.5119859445886168
Full model,0,0.06,80,2000,1080626,1,162,20.51875,0.684375,0.4236230249411499,0.6935110224355238
Full model,0,0.06,80,2000,1080627,1,151,27.803125,1.0,0.542946940459869,0.9973179929541868
Full model,0,0.06,80,2000,1080628,0,221,7.834375,0.1875,0.2922776150595707,0.2010308040126605
Full model,0,0.06,80,2000,1080629,0,171,13.928125,0.4375,0.3313059742008791,0.4486781200165816
Full model,0,0.06,80,2000,1080630,1,157,27.915625,1.0,0.5592718663862501,0.997532733478381
Full model,0,0.06,80,2000,1080631,1,146,27.646875,0.99375,0.5250652367423057,0.997260367086134
Full model,0,0.06,80,2000,1080632,1,138,27.509375,0.996875,0.5096277095981093,0.9972765738077995
Full model,0,0.06,80,2000,1080633,0,171,17.0375,0.565625,0.38698214570995,0.5720580007036196
Full model,0,0.06,80,2000,1080634,1,144,27.578125,0.996875,0.5218649708296689,0.9972839730178104
Full model,0,0.06,80,2000,1080635,1,148,27.5375,0.996875,0.5315118667052603,0.9973277210340776
Full model,0,0.06,80,2000,1080636,0,179,16.56875,0.559375,0.3435091709397599,0.5807698951105543
Full model,0,0.06,80,2000,1080637,1,150,27.6,1.0,0.5104135817543314,0.9973220409723936
Full model,0,0.06,80,2000,1080638,0,191,15.684375,0.565625,0.3951139337397862,0.5702583471580636
Full model,0,0.06,80,2000,1080639,1,133,28.05625,0.99375,0.5818059050459905,0.997536499374287
Full model,0,0.06,80,2000,1080640,1,159,28.259375,0.99375,0.5578510815364013,0.9974466074383296
Full model,0,0.06,80,2000,1080641,1,143,27.390625,0.99375,0.5239207694822356,0.9971125904090165
Full model,0,0.06,80,2000,1080642,1,140,28.259375,1.0,0.5699269651818812,0.9975846962351798
Full model,0,0.06,80,2000,1080643,1,151,28.321875,0.996875,0.6077256134140494,0.9976721351272438
Full model,0,0.06,80,2000,1080644,0,-1,4.55625,0.0,0.2595242256446758,0.0225527059877664
Full model,0,0.06,80,2000,1080645,0,169,13.471875,0.434375,0.2965792426803229,0.4463449891797673
Full model,0,0.06,80,2000,1080646,0,167,14.121875,0.434375,0.3930347703262021,0.4507230764218318
Full model,0,0.06,80,2000,1080647,1,141,27.5375,0.9875,0.5328043425560425,0.9972913285719316
Full model,0,0.06,80,2000,1080648,0,202,6.984375,0.11875,0.2640234319112963,0.1408845421037887
Full model,0,0.06,80,2000,1080649,1,151,23.515625,0.815625,0.468668765436089,0.8136935643312515
Full model,0,0.1,80,2000,1081000,1,150,27.765625,0.996875,0.5265392535429303,0.997343601761183
Full model,0,0.1,80,2000,1081001,0,192,11.215625,0.309375,0.3462436986786143,0.3300989537937611
Full model,0,0.1,80,2000,1081002,1,142,27.79375,1.0,0.5471919516482093,0.9973695401854972
Full model,0,0.1,80,2000,1081003,1,148,27.353125,0.99375,0.506773280281901,0.9971814008664088
Full model,0,0.1,80,2000,1081004,1,171,27.9875,1.0,0.5505816219859314,0.9974755864130448
Full model,0,0.1,80,2000,1081005,1,154,27.48125,0.996875,0.521094521681309,0.9973784878249128
Full model,0,0.1,80,2000,1081006,1,162,27.95,0.990625,0.5767484928305987,0.9974877944104544
Full model,0,0.1,80,2000,1081007,1,168,27.753125,0.996875,0.556378517352487,0.9974999248546784
Full model,0,0.1,80,2000,1081008,1,138,27.46875,1.0,0.527654304486662,0.9974368848835874
Full model,0,0.1,80,2000,1081009,1,138,27.996875,1.0,0.5800348418417363,0.9974555933030368
Full model,0,0.1,80,2000,1081010,1,145,28.078125,1.0,0.5741131057194492,0.997430875293961
Full model,0,0.1,80,2000,1081011,1,158,27.728125,0.996875,0.5292520165185042,0.9973440657429432
Full model,0,0.1,80,2000,1081012,0,-1,5.40625,0.05625,0.2694985855559101,0.0907364676043655
Full model,0,0.1,80,2000,1081013,1,145,27.634375,0.996875,0.4985423014286002,0.997256853880522
Full model,0,0.1,80,2000,1081014,1,173,24.7875,0.86875,0.5130472487326635,0.8780353829304215
Full model,0,0.1,80,2000,1081015,1,181,25.084375,0.871875,0.5226435621146238,0.8777017461331185
Full model,0,0.1,80,2000,1081016,1,156,27.5875,0.996875,0.5146353906288874,0.9973434240399718
Full model,0,0.1,80,2000,1081017,1,149,28.084375,0.990625,0.5869597192399845,0.9976110280027386
Full model,0,0.1,80,2000,1081018,0,178,18.403125,0.625,0.3848845484424245,0.6314282056473833
Full model,0,0.1,80,2000,1081019,1,134,27.80625,0.996875,0.5577346621241939,0.9973798119349364
Full model,0,0.1,80,2000,1081020,1,141,27.590625,0.9875,0.5284416329280798,0.9974073630931808
Full model,0,0.1,80,2000,1081021,1,149,26.73125,0.990625,0.4698646789398498,0.9971525283494572
Full model,0,0.1,80,2000,1081022,1,144,27.965625,0.996875,0.5652749675460746,0.9974738782767938
Full model,0,0.1,80,2000,1081023,1,156,27.63125,0.99375,0.5421800239291821,0.9973497575718618
Full model,0,0.1,80,2000,1081024,1,151,27.703125,1.0,0.5548012509553301,0.9973619241784824
Full model,0,0.1,80,2000,1081025,1,148,27.2625,0.99375,0.5111613709610964,0.997144779101972
Full model,0,0.1,80,2000,1081026,1,137,27.825,1.0,0.5239164122764534,0.9972408628107072
Full model,0,0.1,80,2000,1081027,0,195,12.646875,0.378125,0.3406607564770593,0.4034229986115965
Full model,0,0.1,80,2000,1081028,1,161,27.28125,0.996875,0.4923685043083415,0.9972330032330162
Full model,0,0.1,80,2000,1081029,1,147,27.90625,0.99375,0.5426425155003771,0.9974077684061344
Full model,0,0.1,80,2000,1081030,1,134,27.99375,0.996875,0.5835223737040485,0.9975435658395548
Full model,0,0.1,80,2000,1081031,1,136,27.315625,0.99375,0.5073669602039007,0.99724245047126
Full model,0,0.1,80,2000,1081032,1,172,27.409375,0.996875,0.5288635675819775,0.9939096022490994
Full model,0,0.1,80,2000,1081033,1,137,27.78125,1.0,0.5417783002902469,0.9974238116123472
Full model,0,0.1,80,2000,1081034,1,149,27.609375,1.0,0.5047385923163701,0.997284436241054
Full model,0,0.1,80,2000,1081035,0,184,17.246875,0.55625,0.3631034945438536,0.5695417589102555
Full model,0,0.1,80,2000,1081036,1,149,27.621875,0.996875,0.5385076406137672,0.9974998152958776
Full model,0,0.1,80,2000,1081037,1,135,27.340625,0.996875,0.5112993464622855,0.9973351954183168
Full model,0,0.1,80,2000,1081038,1,132,28.065625,0.9875,0.5594675271289054,0.9974190916346526
Full model,0,0.1,80,2000,1081039,1,168,27.778125,0.99375,0.5461569144426281,0.997468249861448
Full model,0,0.1,80,2000,1081040,1,135,27.575,0.99375,0.5271386498578741,0.9973054395573886
Full model,0,0.1,80,2000,1081041,1,141,27.44375,0.990625,0.5168495890148935,0.9972739383153076
Full model,0,0.1,80,2000,1081042,1,142,27.75625,0.996875,0.552728163604232,0.9974321510701276
Full model,0,0.1,80,2000,1081043,1,142,27.921875,0.990625,0.5553161124506031,0.9974329184024036
Full model,0,0.1,80,2000,1081044,1,162,27.40625,0.9875,0.5155107900706815,0.99719884918682
Full model,0,0.1,80,2000,1081045,1,133,27.271875,0.996875,0.5131332277571901,0.997339631061768
Full model,0,0.1,80,2000,1081046,1,161,27.575,0.99375,0.5329203862162538,0.9973799002241094
Full model,0,0.1,80,2000,1081047,1,162,27.9875,1.0,0.5836127210441544,0.9975847574362544
Full model,0,0.1,80,2000,1081048,1,159,27.259375,0.990625,0.5136992905355137,0.9970975053375376
Full model,0,0.1,80,2000,1081049,1,139,27.8,1.0,0.5249480490139808,0.9973415597216514
Full model,0,0.16,80,2000,1081600,1,146,27.321875,0.996875,0.5243437308178891,0.9973295620775724
Full model,0,0.16,80,2000,1081601,1,145,28.01875,0.996875,0.5647596474635876,0.997449694678002
Full model,0,0.16,80,2000,1081602,1,132,27.528125,0.99375,0.5250760572354517,0.9974160321445624
Full model,0,0.16,80,2000,1081603,1,139,27.59375,1.0,0.5157699583420112,0.9974406050710488
Full model,0,0.16,80,2000,1081604,1,137,27.828125,0.99375,0.5647903206971222,0.997428295478972
Full model,0,0.16,80,2000,1081605,1,134,27.64375,1.0,0.5401329542617617,0.9974053001750152
Full model,0,0.16,80,2000,1081606,1,146,27.8875,0.996875,0.5515258222785283,0.9974138398031818
Full model,0,0.16,80,2000,1081607,1,146,27.65625,0.996875,0.5231355605189515,0.9973718196914398
Full model,0,0.16,80,2000,1081608,1,136,28.053125,1.0,0.5686425828317121,0.997613672445181
Full model,0,0.16,80,2000,1081609,1,145,27.490625,0.99375,0.5332086496583062,0.9972992475659482
Full model,0,0.16,80,2000,1081610,1,146,27.690625,0.99375,0.5313100411748637,0.9973943223318696
Full model,0,0.16,80,2000,1081611,1,137,27.728125,0.99375,0.5457044631391995,0.9973621714215192
Full model,0,0.16,80,2000,1081612,1,144,27.503125,0.99375,0.524930517303653,0.9972764112632718
Full model,0,0.16,80,2000,1081613,1,142,27.565625,1.0,0.4988687279568228,0.997270227627684
Full model,0,0.16,80,2000,1081614,1,153,27.621875,1.0,0.5322360480488899,0.9974513418219648
Full model,0,0.16,80,2000,1081615,1,146,27.775,1.0,0.5453655370211757,0.9973703542497572
Full model,0,0.16,80,2000,1081616,1,164,27.490625,1.0,0.5315667379498423,0.997312564443933
Full model,0,0.16,80,2000,1081617,1,153,27.740625,1.0,0.5336274039214395,0.9973077487399712
Full model,0,0.16,80,2000,1081618,1,141,27.628125,0.996875,0.5366326845468744,0.9972945152154412
Full model,0,0.16,80,2000,1081619,1,138,27.940625,0.996875,0.567905003895843,0.9975459637670702
Full model,0,0.16,80,2000,1081620,1,162,27.24375,0.99375,0.4893892771547706,0.9971451994319676
Full model,0,0.16,80,2000,1081621,1,147,27.575,0.996875,0.5301454681281313,0.99739913357823
Full model,0,0.16,80,2000,1081622,0,-1,5.059375,0.034375,0.2276350751008188,0.0741971864228915
Full model,0,0.16,80,2000,1081623,1,140,27.65625,1.0,0.5453364646325836,0.997412490364144
Full model,0,0.16,80,2000,1081624,1,136,27.9,0.996875,0.534380934488517,0.9972960260289404
Full model,0,0.16,80,2000,1081625,1,168,27.38125,0.990625,0.5292104722762305,0.9974117857131748
Full model,0,0.16,80,2000,1081626,1,144,27.434375,0.990625,0.5274263033529538,0.9974009391620716
Full model,0,0.16,80,2000,1081627,1,143,27.328125,1.0,0.5054667816934789,0.9972738656196364
Full model,0,0.16,80,2000,1081628,1,181,27.7125,1.0,0.5401251267839864,0.9972653451329716
Full model,0,0.16,80,2000,1081629,0,389,6.94375,0.125,0.2952931444769479,0.170200156242873
Full model,0,0.16,80,2000,1081630,1,164,27.8,1.0,0.5587671942806831,0.9973340965090038
Full model,0,0.16,80,2000,1081631,1,147,27.646875,1.0,0.5176804540511201,0.9972932025228092
Full model,0,0.16,80,2000,1081632,1,131,27.575,0.996875,0.5129073573745897,0.997311553011315
Full model,0,0.16,80,2000,1081633,1,141,27.61875,0.996875,0.5217924951812569,0.997308301763332
Full model,0,0.16,80,2000,1081634,1,138,27.69375,1.0,0.5217588868297877,0.9973862410036534
Full model,0,0.16,80,2000,1081635,1,185,27.540625,0.996875,0.5270730679156669,0.9972967129958842
Full model,0,0.16,80,2000,1081636,1,165,27.940625,1.0,0.5469965031469497,0.9972719629551476
Full model,0,0.16,80,2000,1081637,1,154,28.346875,0.99375,0.6116384755978806,0.9976430004499086
Full model,0,0.16,80,2000,1081638,1,181,27.64375,1.0,0.5382256984037409,0.9972986714921916
Full model,0,0.16,80,2000,1081639,1,136,27.6125,0.996875,0.5352468270642392,0.997409152001848
Full model,0,0.16,80,2000,1081640,1,149,28.171875,0.996875,0.5748095993971211,0.9975920894442016
Full model,0,0.16,80,2000,1081641,1,186,26.334375,0.934375,0.5267758557746234,0.9365200039540268
Full model,0,0.16,80,2000,1081642,1,166,27.41875,0.996875,0.5053466906210339,0.9971746722454116
Full model,0,0.16,80,2000,1081643,1,137,27.85625,0.99375,0.5469411018539667,0.997450008769809
Full model,0,0.16,80,2000,1081644,1,164,27.740625,0.996875,0.5717793911958853,0.9974856569929976
Full model,0,0.16,80,2000,1081645,0,-1,4.83125,0.0,0.2730862036449723,0.0324421095008837
Full model,0,0.16,80,2000,1081646,1,154,27.496875,1.0,0.4981420901432011,0.9973787385560984
Full model,0,0.16,80,2000,1081647,1,144,27.55625,0.996875,0.5387803064200091,0.9974880113210688
Full model,0,0.16,80,2000,1081648,1,140,27.853125,1.0,0.5569365303502278,0.9975283718012824
Full model,0,0.16,80,2000,1081649,1,144,27.659375,1.0,0.5316701193904949,0.9973550337306434
No contact event,64,0.1,60,1500,2000000,0,-1,4.63125,0.0,0.2688744362386207,0.0210482950211056
No contact event,64,0.1,60,1500,2000001,0,-1,4.978125,0.0,0.3153380943989176,0.0254554255211729
No contact event,64,0.1,60,1500,2000002,0,-1,5.63125,0.053125,0.3025869957920563,0.0843686310025652
No contact event,64,0.1,60,1500,2000003,0,-1,4.790625,0.0,0.3041540168154812,0.0243648158231907
No contact event,64,0.1,60,1500,2000004,0,-1,5.803125,0.0625,0.3226968649500911,0.0871307474907643
No contact event,64,0.1,60,1500,2000005,0,-1,4.8375,0.025,0.2498452879269875,0.0711619812720118
No contact event,64,0.1,60,1500,2000006,0,-1,4.628125,0.009375,0.2190990179743127,0.0519829910787544
No contact event,64,0.1,60,1500,2000007,0,-1,4.846875,0.0,0.2702462244476203,0.0305509482774707
No contact event,64,0.1,60,1500,2000008,0,-1,4.325,0.0,0.2486400487227124,0.0196004474047332
No contact event,64,0.1,60,1500,2000009,0,-1,4.51875,0.0,0.2546579668451787,0.0211525233093293
No contact event,64,0.1,60,1500,2000010,0,-1,4.7,0.0,0.2720108749405508,0.0267346944724213
No contact event,64,0.1,60,1500,2000011,0,-1,5.009375,0.0,0.2930313230413827,0.0364806532439047
No contact event,64,0.1,60,1500,2000012,0,-1,4.33125,0.0,0.2330137922155736,0.0186510213603242
No contact event,64,0.1,60,1500,2000013,0,-1,4.040625,0.0,0.2140399134165282,0.0174327403752773
No contact event,64,0.1,60,1500,2000014,0,-1,5.19375,0.0,0.2738014836615888,0.0529140976318805
No contact event,64,0.1,60,1500,2000015,0,-1,4.753125,0.0,0.278806176586201,0.0238670643562281
No contact event,64,0.1,60,1500,2000016,0,-1,4.665625,0.0,0.273462876517794,0.024522862661388
No contact event,64,0.1,60,1500,2000017,0,-1,4.31875,0.0,0.2324252812577151,0.0189901029492737
No contact event,64,0.1,60,1500,2000018,0,-1,5.128125,0.059375,0.2596124395788888,0.0769372959003961
No contact event,64,0.1,60,1500,2000019,0,-1,5.5125,0.0,0.3336137628916897,0.0446058828536755
No contact event,64,0.1,60,1500,2000020,0,-1,5.8875,0.034375,0.3336032110358871,0.0934179691967245
No contact event,64,0.1,60,1500,2000021,0,-1,4.35,0.0,0.247741645383874,0.0181972618212824
No contact event,64,0.1,60,1500,2000022,0,-1,4.740625,0.0,0.2945538349667742,0.0264049977715299
No contact event,64,0.1,60,1500,2000023,0,417,6.5,0.090625,0.3114886294826758,0.165299343555365
No contact event,64,0.1,60,1500,2000024,0,-1,4.865625,0.0,0.2846773763098434,0.0236516127852008
No contact event,64,0.1,60,1500,2000025,0,-1,4.2875,0.0,0.2127405525397826,0.016099727917843
No contact event,64,0.1,60,1500,2000026,0,-1,5.85625,0.009375,0.3285560580105792,0.088373740327803
No contact event,64,0.1,60,1500,2000027,0,-1,4.721875,0.0,0.2742803272407802,0.027665125117946
No contact event,64,0.1,60,1500,2000028,0,-1,5.1875,0.040625,0.2573914104698424,0.0834329997665608
No contact event,64,0.1,60,1500,2000029,0,-1,4.65,0.0,0.2577004154637761,0.0243957665728167
No contact event,64,0.1,60,1500,2000030,0,355,6.51875,0.125,0.2834946993857948,0.1424771360511681
No contact event,64,0.1,60,1500,2000031,0,-1,5.41875,0.0,0.3375679750573074,0.0361309922359043
No contact event,64,0.1,60,1500,2000032,0,-1,5.0625,0.021875,0.2636761085574161,0.0746561888620576
No contact event,64,0.1,60,1500,2000033,0,-1,4.121875,0.0,0.2075941042124498,0.0162108606997722
No contact event,64,0.1,60,1500,2000034,0,-1,4.49375,0.0,0.2695729235696902,0.0210528700389347
No contact event,64,0.1,60,1500,2000035,0,-1,4.55,0.0,0.2261287091651061,0.0251340776614837
No contact event,64,0.1,60,1500,2000036,0,-1,4.403125,0.0,0.2524296496402579,0.0194842455214023
No contact event,64,0.1,60,1500,2000037,0,-1,4.65,0.0,0.2680304530125568,0.023560517969395
No contact event,64,0.1,60,1500,2000038,0,-1,5.73125,0.059375,0.3256594180015603,0.0938672633981016
No contact event,64,0.1,60,1500,2000039,0,-1,4.825,0.0,0.2692006310864106,0.0284569664916653
No contact event,64,0.1,60,1500,2000040,0,-1,4.253125,0.0,0.2273379688763384,0.0177626650998078
No contact event,64,0.1,60,1500,2000041,0,-1,4.921875,0.0,0.288927414856046,0.0244229082053493
No contact event,64,0.1,60,1500,2000042,0,-1,4.396875,0.0,0.2364538266426771,0.016967996357281
No contact event,64,0.1,60,1500,2000043,0,-1,4.196875,0.0,0.2577463829552769,0.0174607847128243
No contact event,64,0.1,60,1500,2000044,0,-1,4.5125,0.0,0.2757581741428473,0.019737557900552
No contact event,64,0.1,60,1500,2000045,0,-1,5.703125,0.0625,0.2766399027902414,0.1059387552527375
No contact event,64,0.1,60,1500,2000046,0,-1,5.59375,0.034375,0.2872710547133944,0.0945515489047934
No contact event,64,0.1,60,1500,2000047,0,-1,5.028125,0.034375,0.2309865473946491,0.0724955102595295
No contact event,64,0.1,60,1500,2000048,0,-1,4.35625,0.0,0.2433009253217712,0.0176260487969564
No contact event,64,0.1,60,1500,2000049,0,-1,4.23125,0.0,0.2247241793009792,0.0174512461159417
No contact event,64,0.1,60,1500,2000050,0,-1,5.1125,0.0,0.268710421294963,0.0544636464360515
No contact event,64,0.1,60,1500,2000051,0,-1,4.465625,0.0,0.2817315203981825,0.022197078868937
No contact event,64,0.1,60,1500,2000052,0,-1,4.340625,0.0,0.2631534943821106,0.0183793349033709
No contact event,64,0.1,60,1500,2000053,0,-1,5.06875,0.0,0.2840400598016063,0.0354948199957305
No contact event,64,0.1,60,1500,2000054,0,-1,4.109375,0.0,0.2411326493765942,0.0178869802153441
No contact event,64,0.1,60,1500,2000055,0,-1,5.7,0.0375,0.2985402642470436,0.0927871131037981
No contact event,64,0.1,60,1500,2000056,0,-1,5.0375,0.0,0.2982736124031664,0.0299465044368288
No contact event,64,0.1,60,1500,2000057,0,289,9.628125,0.253125,0.3332848894245185,0.284506482729878
No contact event,64,0.1,60,1500,2000058,0,225,8.5125,0.1875,0.2952439225802627,0.2292851523049064
No contact event,64,0.1,60,1500,2000059,0,-1,4.734375,0.0,0.2585942169306019,0.0235252447787609
No contact event,64,0.1,60,1500,2000060,0,301,11.45,0.353125,0.3381155379345896,0.3900846951616029
No contact event,64,0.1,60,1500,2000061,0,-1,5.478125,0.0375,0.3090296990145479,0.0872955268239888
No contact event,64,0.1,60,1500,2000062,0,-1,4.90625,0.0,0.2720337281933365,0.0404859942014063
No contact event,64,0.1,60,1500,2000063,0,-1,4.575,0.0,0.2421857669796873,0.0248970754194435
No contact event,64,0.1,60,1500,2000064,0,-1,4.690625,0.0,0.2960907647560388,0.0262962189118615
No contact event,64,0.1,60,1500,2000065,0,337,8.234375,0.25,0.2925523283247777,0.2588665649881647
No contact event,64,0.1,60,1500,2000066,0,387,7.4125,0.18125,0.3173589035444624,0.2002637880558875
No contact event,64,0.1,60,1500,2000067,0,-1,4.7125,0.0,0.2626820897513401,0.0247989539398031
No contact event,64,0.1,60,1500,2000068,0,-1,4.734375,0.00625,0.2485698480526534,0.0553603904186722
No contact event,64,0.1,60,1500,2000069,0,-1,4.353125,0.0,0.2500133426317177,0.0185554644217164
No contact event,64,0.1,60,1500,2000070,0,-1,4.90625,0.0,0.2545335639866824,0.0425616136099807
No contact event,64,0.1,60,1500,2000071,0,-1,5.66875,0.021875,0.3187620453828693,0.0915921145084615
No contact event,64,0.1,60,1500,2000072,0,-1,5.028125,0.0,0.2928393589021871,0.0352836473524277
No contact event,64,0.1,60,1500,2000073,0,-1,4.75,0.0,0.2810087184746441,0.0256889070965632
No contact event,64,0.1,60,1500,2000074,0,383,7.23125,0.146875,0.3192230291122517,0.2026026165984353
No contact event,64,0.1,60,1500,2000075,0,-1,4.734375,0.0,0.2975877701941893,0.0203756815017302
No contact event,64,0.1,60,1500,2000076,0,-1,5.175,0.0,0.3101946789056383,0.05595485074032
No contact event,64,0.1,60,1500,2000077,0,393,6.878125,0.128125,0.2964913427376118,0.1809127906438714
No contact event,64,0.1,60,1500,2000078,0,-1,4.840625,0.0,0.268970435076199,0.02907625754109
No contact event,64,0.1,60,1500,2000079,0,-1,4.49375,0.0,0.271339218594015,0.0201810053569398
No contact event,64,0.1,60,1500,2000080,0,-1,5.49375,0.04375,0.2403253732386149,0.1233510046163285
No contact event,64,0.1,60,1500,2000081,0,-1,4.140625,0.0,0.2160045189277357,0.0159597532653931
No contact event,64,0.1,60,1500,2000082,0,386,8.990625,0.240625,0.3173200341919009,0.2702984715514342
No contact event,64,0.1,60,1500,2000083,0,-1,4.478125,0.0,0.2456118141794629,0.0196511115388407
No contact event,64,0.1,60,1500,2000084,0,-1,4.3625,0.0,0.2438253930798433,0.0205163256849719
No contact event,64,0.1,60,1500,2000085,0,-1,5.815625,0.06875,0.2788651295775263,0.1301478930821683
No contact event,64,0.1,60,1500,2000086,0,308,8.178125,0.1875,0.2920469167954789,0.2058791879030245
No contact event,64,0.1,60,1500,2000087,0,-1,5.071875,0.0,0.2653156778591062,0.042525396971155
No contact event,64,0.1,60,1500,2000088,0,-1,5.428125,0.028125,0.2698895430291015,0.0790650969944553
No contact event,64,0.1,60,1500,2000089,0,238,11.315625,0.30625,0.3348198457986391,0.3310347217633053
No contact event,64,0.1,60,1500,2000090,0,301,7.346875,0.18125,0.2447942899248839,0.1988415901170701
No contact event,64,0.1,60,1500,2000091,0,-1,4.378125,0.0,0.2290683593078163,0.0191413964746616
No contact event,64,0.1,60,1500,2000092,0,-1,5.678125,0.03125,0.2970722141646165,0.090616438669401
No contact event,64,0.1,60,1500,2000093,0,-1,4.309375,0.0,0.2403846723306698,0.0185104690383535
No contact event,64,0.1,60,1500,2000094,0,361,7.55,0.159375,0.3265842189570412,0.2525898877094534
No contact event,64,0.1,60,1500,2000095,0,-1,4.6875,0.0,0.3083311082751543,0.0244561993768955
No contact event,64,0.1,60,1500,2000096,0,-1,5.9875,0.0375,0.3177249576177797,0.093705492370612
No contact event,64,0.1,60,1500,2000097,0,-1,4.78125,0.0,0.2899438714795991,0.0268137797084922
No contact event,64,0.1,60,1500,2000098,0,-1,4.290625,0.0,0.2205472329162267,0.0171581750091223
No contact event,64,0.1,60,1500,2000099,0,393,6.753125,0.140625,0.2764838141428716,0.1958387631730102
No contact event,64,0.1,60,1500,2000100,0,334,7.23125,0.125,0.2855722707506222,0.1702786959469148
No contact event,64,0.1,60,1500,2000101,0,-1,4.821875,0.0,0.2667369707641372,0.035605199659336
No contact event,64,0.1,60,1500,2000102,0,-1,4.4875,0.0,0.2524578206191951,0.0215876792974397
No contact event,64,0.1,60,1500,2000103,0,-1,4.478125,0.0,0.2681748481311595,0.0204142895895336
No contact event,64,0.1,60,1500,2000104,0,-1,4.45625,0.0,0.2659057208545562,0.0176644959140891
No contact event,64,0.1,60,1500,2000105,0,254,11.065625,0.309375,0.3395407823429456,0.3618702300046328
No contact event,64,0.1,60,1500,2000106,0,-1,4.61875,0.0,0.2906639250752784,0.0206506277716536
No contact event,64,0.1,60,1500,2000107,0,-1,4.165625,0.0,0.2058083489716138,0.0166684077956917
No contact event,64,0.1,60,1500,2000108,0,-1,5.628125,0.0,0.2984947254317798,0.0801548573316134
No contact event,64,0.1,60,1500,2000109,0,-1,4.678125,0.0,0.2486883611571822,0.0218395504727353
No contact event,64,0.1,60,1500,2000110,0,-1,5.00625,0.0,0.2964710526990459,0.0327566473489065
No contact event,64,0.1,60,1500,2000111,0,-1,4.8375,0.0,0.270191669130334,0.0407074911352569
No contact event,64,0.1,60,1500,2000112,0,-1,4.56875,0.0,0.2432858785147608,0.02344917091828
No contact event,64,0.1,60,1500,2000113,0,-1,4.565625,0.0,0.267706397825396,0.0242731873371084
No contact event,64,0.1,60,1500,2000114,0,315,8.134375,0.1875,0.3061242994358607,0.2121727963450381
No contact event,64,0.1,60,1500,2000115,0,-1,5.090625,0.0,0.3012840002972186,0.0520568078591361
No contact event,64,0.1,60,1500,2000116,0,352,9.596875,0.26875,0.3261535927293428,0.3235270710458486
No contact event,64,0.1,60,1500,2000117,0,-1,4.4375,0.0,0.2658227811216432,0.0195355736035021
No contact event,64,0.1,60,1500,2000118,0,-1,4.98125,0.0,0.263316713981445,0.0666089855215154
No contact event,64,0.1,60,1500,2000119,0,-1,4.48125,0.0,0.2436531603158359,0.0198908302883279
No contact event,64,0.1,60,1500,2000120,0,282,8.13125,0.1875,0.3376925222013294,0.2226095504482497
No contact event,64,0.1,60,1500,2000121,0,-1,5.740625,0.0,0.3129751401623634,0.0850568746381877
No contact event,64,0.1,60,1500,2000122,0,-1,5.221875,0.0375,0.280921565478223,0.0784997320619207
No contact event,64,0.1,60,1500,2000123,0,-1,4.6375,0.0,0.2842541544853881,0.0271917532127904
No contact event,64,0.1,60,1500,2000124,0,-1,4.540625,0.0,0.2527163426810989,0.0220232567828061
No contact event,64,0.1,60,1500,2000125,0,-1,4.41875,0.0,0.2599773489106562,0.0211458249265815
No contact event,64,0.1,60,1500,2000126,0,-1,4.571875,0.0,0.2710008785297503,0.0228424777547712
No contact event,64,0.1,60,1500,2000127,0,-1,4.784375,0.0,0.2629955746138541,0.0216124973187278
No contact event,64,0.1,60,1500,2000128,0,-1,4.778125,0.0,0.3148147167884788,0.0233704175805013
No contact event,64,0.1,60,1500,2000129,0,327,9.365625,0.25,0.3215482372964314,0.2812347349256413
No contact event,64,0.1,60,1500,2000130,0,-1,4.190625,0.0,0.2272133560668364,0.0157778653310654
No contact event,64,0.1,60,1500,2000131,0,-1,4.578125,0.0,0.2665021639619605,0.0194750294315823
No contact event,64,0.1,60,1500,2000132,0,-1,5.30625,0.0,0.3144392036503661,0.053274604583639
No contact event,64,0.1,60,1500,2000133,0,-1,4.503125,0.0,0.2542659987506049,0.0187656031293448
No contact event,64,0.1,60,1500,2000134,0,-1,4.609375,0.0,0.2747667287973359,0.0210977873843945
No contact event,64,0.1,60,1500,2000135,0,-1,5.68125,0.05,0.3225419087809916,0.0894499782713996
No contact event,64,0.1,60,1500,2000136,0,-1,5.5375,0.0625,0.299011508837766,0.0829556747550399
No contact event,64,0.1,60,1500,2000137,0,-1,4.25625,0.0,0.2567492412240774,0.0170180286865432
No contact event,64,0.1,60,1500,2000138,0,-1,4.875,0.0,0.2930877599601101,0.0294914223050899
No contact event,64,0.1,60,1500,2000139,0,-1,5.1875,0.046875,0.2353287357586294,0.0772591716232202
No contact event,64,0.1,60,1500,2000140,0,-1,5.65,0.0,0.3052390649960328,0.0786528479930907
No contact event,64,0.1,60,1500,2000141,0,-1,4.55,0.0,0.2819233983386614,0.019692765298763
No contact event,64,0.1,60,1500,2000142,0,-1,4.64375,0.0,0.2706545745777419,0.0211557323021884
No contact event,64,0.1,60,1500,2000143,0,-1,4.55625,0.0,0.2796188953370943,0.0217171817674776
No contact event,64,0.1,60,1500,2000144,0,-1,5.3625,0.021875,0.3132151021284018,0.0816190147437026
No contact event,64,0.1,60,1500,2000145,0,-1,4.8,0.0,0.3072353612736477,0.0269972564194423
No contact event,64,0.1,60,1500,2000146,0,-1,5.93125,0.0375,0.3583109249242441,0.0871685092470421
No contact event,64,0.1,60,1500,2000147,0,-1,4.559375,0.0,0.2488434940989459,0.0198234001567467
No contact event,64,0.1,60,1500,2000148,0,386,6.796875,0.140625,0.2955241345204601,0.1891203500503066
No contact event,64,0.1,60,1500,2000149,0,-1,4.2375,0.0,0.2358493785248797,0.0194767369878156
No contact event,64,0.1,60,1500,2000150,0,-1,4.684375,0.0,0.2329374625052379,0.0359945550410872
No contact event,64,0.1,60,1500,2000151,0,-1,4.65,0.0,0.2757955924733872,0.0214159384988916
No contact event,64,0.1,60,1500,2000152,0,-1,5.371875,0.0,0.2655085036767213,0.079321501594398
No contact event,64,0.1,60,1500,2000153,0,347,7.84375,0.21875,0.3242352636299514,0.258962699355432
No contact event,64,0.1,60,1500,2000154,0,-1,4.209375,0.0,0.2259008245404705,0.0171901985222929
No contact event,64,0.1,60,1500,2000155,0,-1,4.509375,0.0,0.2396266796893413,0.0193332939808023
No contact event,64,0.1,60,1500,2000156,0,-1,4.803125,0.0,0.2936213581401494,0.0308136862406643
No contact event,64,0.1,60,1500,2000157,0,-1,4.45,0.0,0.2521953660172532,0.0190657791454749
No contact event,64,0.1,60,1500,2000158,0,384,8.259375,0.209375,0.3184064241542109,0.2688781319173518
No contact event,64,0.1,60,1500,2000159,0,-1,4.990625,0.015625,0.2298121164262646,0.0731653969467811
No contact event,64,0.1,60,1500,2000160,0,-1,4.5375,0.0,0.2762091668260003,0.020183725844676
No contact event,64,0.1,60,1500,2000161,0,-1,4.2875,0.0,0.233427497030032,0.0175925052362525
No contact event,64,0.1,60,1500,2000162,0,-1,4.703125,0.0,0.2856859184545294,0.0308792615024239
No contact event,64,0.1,60,1500,2000163,0,-1,4.684375,0.0,0.2735648365566548,0.0454775519260079
No contact event,64,0.1,60,1500,2000164,0,-1,5.50625,0.025,0.2943448171400628,0.0822043726616867
No contact event,64,0.1,60,1500,2000165,0,-1,5.159375,0.0,0.2922744058315449,0.0400825979203274
No contact event,64,0.1,60,1500,2000166,0,-1,4.715625,0.0,0.2759308218671841,0.0278503835728546
No contact event,64,0.1,60,1500,2000167,0,357,8.5125,0.1875,0.3071492062545832,0.2057672701877112
No contact event,64,0.1,60,1500,2000168,0,-1,4.8125,0.0,0.2659728213431245,0.0321429056364961
No contact event,64,0.1,60,1500,2000169,0,-1,4.41875,0.0,0.2515400768024695,0.0192064768704209
No contact event,64,0.1,60,1500,2000170,0,302,8.675,0.19375,0.3161798767041188,0.2690953489953271
No contact event,64,0.1,60,1500,2000171,1,189,20.646875,0.6875,0.4423979323399827,0.7048333800620453
No contact event,64,0.1,60,1500,2000172,0,-1,4.840625,0.0,0.2533756482971241,0.030634574595233
No contact event,64,0.1,60,1500,2000173,0,-1,4.825,0.0,0.2902678117829603,0.0294013662092567
No contact event,64,0.1,60,1500,2000174,0,-1,5.490625,0.034375,0.3217755357205457,0.0851668373530364
No contact event,64,0.1,60,1500,2000175,0,-1,4.88125,0.0,0.2498785753247427,0.0385284669185094
No contact event,64,0.1,60,1500,2000176,0,-1,4.925,0.0,0.2675832683015259,0.0288066197082375
No contact event,64,0.1,60,1500,2000177,0,-1,4.5125,0.0,0.2383817691514796,0.0171731822655664
No contact event,64,0.1,60,1500,2000178,0,-1,5.26875,0.0,0.3173235435186406,0.0716301629149649
No contact event,64,0.1,60,1500,2000179,0,-1,5.4875,0.053125,0.302314341690712,0.0825204956155825
No contact event,64,0.1,60,1500,2000180,0,277,7.959375,0.1875,0.3000203519193701,0.2115640733148994
No contact event,64,0.1,60,1500,2000181,0,382,5.825,0.078125,0.3013531392069629,0.1327792453815502
No contact event,64,0.1,60,1500,2000182,0,-1,5.709375,0.05625,0.2861504687609357,0.0972589286916241
No contact event,64,0.1,60,1500,2000183,0,-1,4.628125,0.0,0.2747022936855413,0.0237285768872031
No contact event,64,0.1,60,1500,2000184,0,-1,4.471875,0.0,0.2593102637360441,0.0187418150761491
No contact event,64,0.1,60,1500,2000185,0,231,11.81875,0.371875,0.3254131211911405,0.3981198071648714
No contact event,64,0.1,60,1500,2000186,0,-1,4.440625,0.0,0.2779176008519254,0.019486228686522
No contact event,64,0.1,60,1500,2000187,0,-1,4.56875,0.0,0.2545367516565812,0.0205062959236391
No contact event,64,0.1,60,1500,2000188,0,226,12.496875,0.371875,0.3530527443459672,0.3886427629579616
No contact event,64,0.1,60,1500,2000189,0,-1,4.590625,0.0,0.284352327630877,0.0184951909267427
No contact event,64,0.1,60,1500,2000190,0,-1,4.85,0.0,0.2865390142779513,0.0268031997034379
No contact event,64,0.1,60,1500,2000191,0,-1,5.3125,0.00625,0.2542280959142097,0.0715155377225778
No contact event,64,0.1,60,1500,2000192,0,-1,5.309375,0.0,0.2863927046647302,0.0731577266210997
No contact event,64,0.1,60,1500,2000193,0,-1,5.53125,0.0,0.2957959113757568,0.0965679585645111
No contact event,64,0.1,60,1500,2000194,0,-1,4.678125,0.0,0.2843811678639558,0.019156887582767
No contact event,64,0.1,60,1500,2000195,0,-1,4.253125,0.0,0.2385822225569989,0.0183598775885815
No contact event,64,0.1,60,1500,2000196,0,-1,5.3875,0.0,0.3024446012776736,0.0874524736791945
No contact event,64,0.1,60,1500,2000197,0,-1,4.2,0.0,0.2259950581707076,0.0177398496174164
No contact event,64,0.1,60,1500,2000198,0,-1,4.1,0.0,0.2386285748120854,0.0175052292732122
No contact event,64,0.1,60,1500,2000199,0,-1,4.609375,0.0,0.269452604550667,0.0271040644041403
No contact event,64,0.1,60,1500,2000200,0,-1,4.49375,0.0,0.2633924972652925,0.0226396100188656
No contact event,64,0.1,60,1500,2000201,0,-1,4.26875,0.0,0.2457277211521216,0.0180011427732836
No contact event,64,0.1,60,1500,2000202,0,-1,4.415625,0.0,0.2346560533131999,0.0170954341970558
No contact event,64,0.1,60,1500,2000203,0,-1,4.4625,0.0,0.2345802223210796,0.0202556462015296
No contact event,64,0.1,60,1500,2000204,0,-1,4.709375,0.0,0.2784679722853062,0.0227714254006054
No contact event,64,0.1,60,1500,2000205,0,258,6.26875,0.109375,0.2582604249889942,0.1408791349200536
No contact event,64,0.1,60,1500,2000206,0,353,6.559375,0.078125,0.3196997250728515,0.1418074920197893
No contact event,64,0.1,60,1500,2000207,0,308,8.128125,0.1625,0.3097462968262256,0.2130311012563216
No contact event,64,0.1,60,1500,2000208,0,-1,4.778125,0.0,0.2868165642756777,0.0222460944275781
No contact event,64,0.1,60,1500,2000209,0,-1,5.246875,0.04375,0.28108308464109,0.0801671206045532
No contact event,64,0.1,60,1500,2000210,0,-1,5.075,0.0,0.3001192666391187,0.0524323891691854
No contact event,64,0.1,60,1500,2000211,0,231,8.871875,0.24375,0.3069426441686138,0.2615407481615259
No contact event,64,0.1,60,1500,2000212,0,-1,4.55625,0.0,0.2608935104173767,0.0247114379800091
No contact event,64,0.1,60,1500,2000213,0,339,9.015625,0.2375,0.2881378752482145,0.2705981884964211
No contact event,64,0.1,60,1500,2000214,0,-1,4.29375,0.0,0.2360283289461996,0.0218377727681485
No contact event,64,0.1,60,1500,2000215,0,-1,4.603125,0.0,0.2576376329657935,0.0234918234919099
No contact event,64,0.1,60,1500,2000216,0,-1,4.371875,0.0,0.2423254725005009,0.0187806090100823
No contact event,64,0.1,60,1500,2000217,0,-1,4.775,0.0,0.2737753534294997,0.0227135870142679
No contact event,64,0.1,60,1500,2000218,0,-1,4.90625,0.0,0.2668473899112152,0.0367852417090442
No contact event,64,0.1,60,1500,2000219,0,-1,4.171875,0.0,0.2280232701829921,0.0173669953870321
No contact event,64,0.1,60,1500,2000220,0,-1,5.1625,0.0625,0.2738295978334833,0.0796092126145633
No contact event,64,0.1,60,1500,2000221,0,326,9.76875,0.25625,0.3151226433260428,0.2917932568223075
No contact event,64,0.1,60,1500,2000222,0,-1,4.359375,0.0,0.2280661183057945,0.0189947416495212
No contact event,64,0.1,60,1500,2000223,0,-1,4.346875,0.0,0.2376966606122292,0.0175841295407909
No contact event,64,0.1,60,1500,2000224,0,-1,4.709375,0.0,0.2477380789382647,0.0362234322457022
No contact event,64,0.1,60,1500,2000225,0,416,7.4,0.1125,0.3644886084534068,0.2340317762078043
No contact event,64,0.1,60,1500,2000226,0,-1,4.771875,0.003125,0.2533116557011012,0.0432130963717559
No contact event,64,0.1,60,1500,2000227,0,199,16.128125,0.496875,0.3638863525388801,0.5084153627035596
No contact event,64,0.1,60,1500,2000228,0,317,6.55625,0.1,0.3149262984118589,0.1444467664217237
No contact event,64,0.1,60,1500,2000229,0,-1,4.58125,0.0,0.2616025266625749,0.0235067289379217
No contact event,64,0.1,60,1500,2000230,0,-1,4.4125,0.0,0.2514256210941885,0.0178295784585279
No contact event,64,0.1,60,1500,2000231,0,-1,4.559375,0.0,0.2666341743015717,0.0189019048839414
No contact event,64,0.1,60,1500,2000232,0,-1,4.490625,0.0,0.2581946843650553,0.0238106379880131
No contact event,64,0.1,60,1500,2000233,0,-1,4.371875,0.0,0.2386123033657057,0.0272112481980148
No contact event,64,0.1,60,1500,2000234,0,-1,4.646875,0.0,0.2843639431337001,0.0291940524290425
No contact event,64,0.1,60,1500,2000235,0,-1,4.721875,0.0,0.2790990185421557,0.0261537968298539
No contact event,64,0.1,60,1500,2000236,0,-1,4.553125,0.0,0.2648496934709671,0.0216240008889425
No contact event,64,0.1,60,1500,2000237,0,-1,4.38125,0.0,0.2597489927272688,0.018898451378101
No contact event,64,0.1,60,1500,2000238,0,-1,5.525,0.05,0.2820262111053906,0.0852173302308554
No contact event,64,0.1,60,1500,2000239,0,-1,5.39375,0.0,0.3347979041370996,0.0593733244685984
No contact event,64,0.1,60,1500,2000240,0,-1,4.634375,0.0,0.2271687988316567,0.024298034643378
No contact event,64,0.1,60,1500,2000241,0,284,13.109375,0.428125,0.3269402771774902,0.4556256923322425
No contact event,64,0.1,60,1500,2000242,0,-1,5.415625,0.040625,0.2837587585095152,0.0945139930979957
No contact event,64,0.1,60,1500,2000243,0,-1,4.759375,0.0,0.262403975889619,0.0251084157267432
No contact event,64,0.1,60,1500,2000244,0,-1,4.446875,0.0,0.2800883278073528,0.0206914038572061
No contact event,64,0.1,60,1500,2000245,0,-1,4.865625,0.0,0.2873986985734021,0.0375790313349928
No contact event,64,0.1,60,1500,2000246,0,-1,4.596875,0.0,0.2554296618731971,0.0237174541394811
No contact event,64,0.1,60,1500,2000247,0,-1,4.465625,0.0,0.2329986847724595,0.0200754265019953
No contact event,64,0.1,60,1500,2000248,0,-1,5.0375,0.0,0.3064761186655871,0.0245670764767272
No contact event,64,0.1,60,1500,2000249,0,-1,5.059375,0.059375,0.2374185812402205,0.076600254685933
No contact event,64,0.1,60,1500,2000250,0,-1,5.4875,0.0625,0.2668075491575816,0.0833154854193354
No contact event,64,0.1,60,1500,2000251,0,220,8.9375,0.246875,0.335303526543475,0.2801681837094143
No contact event,64,0.1,60,1500,2000252,0,-1,4.9125,0.0,0.3160913383788162,0.0374091269049828
No contact event,64,0.1,60,1500,2000253,0,368,7.7875,0.2,0.3006927483987376,0.2426865881920467
No contact event,64,0.1,60,1500,2000254,0,-1,4.63125,0.0,0.2454039470310504,0.0305073956569145
No contact event,64,0.1,60,1500,2000255,0,371,6.821875,0.11875,0.3228099710799973,0.1540965504088729
No contact event,64,0.1,60,1500,2000256,0,247,10.765625,0.328125,0.3129616200270362,0.3702439862879075
No contact event,64,0.1,60,1500,2000257,0,-1,4.621875,0.0,0.2486890321859683,0.0397052657652809
No contact event,64,0.1,60,1500,2000258,0,-1,4.3625,0.0,0.2213129590086405,0.0179434985296638
No contact event,64,0.1,60,1500,2000259,0,-1,5.75625,0.05,0.3109485323170132,0.0872297644894544
No contact event,64,0.1,60,1500,2000260,0,-1,4.69375,0.0,0.2912139013739808,0.0215330601609154
No contact event,64,0.1,60,1500,2000261,0,-1,4.496875,0.0,0.2283133746224257,0.0198978544461777
No contact event,64,0.1,60,1500,2000262,0,-1,4.9375,0.0,0.2815658729806756,0.0343255484302924
No contact event,64,0.1,60,1500,2000263,0,320,9.46875,0.24375,0.348543742961557,0.2637320412698695
No contact event,64,0.1,60,1500,2000264,0,-1,4.765625,0.0,0.2880265229677344,0.0251394589517534
No contact event,64,0.1,60,1500,2000265,0,-1,4.6875,0.0,0.291035868735308,0.022472615287967
No contact event,64,0.1,60,1500,2000266,0,-1,4.553125,0.0,0.2762104551982625,0.020105337939146
No contact event,64,0.1,60,1500,2000267,0,313,6.49375,0.115625,0.277749425375638,0.144908877369066
No contact event,64,0.1,60,1500,2000268,0,-1,4.290625,0.0,0.2226149551396306,0.0179600750723438
No contact event,64,0.1,60,1500,2000269,0,-1,4.971875,0.0,0.2901453830555999,0.0341196612313754
No contact event,64,0.1,60,1500,2000270,0,-1,4.759375,0.0,0.2878989773659481,0.0249817511306268
No contact event,64,0.1,60,1500,2000271,0,-1,4.85625,0.0,0.2830360511543473,0.0244336760552332
No contact event,64,0.1,60,1500,2000272,0,-1,5.1125,0.0625,0.258139455083345,0.0790964028742197
No contact event,64,0.1,60,1500,2000273,0,-1,4.484375,0.0,0.2450737543943691,0.0201087283294953
No contact event,64,0.1,60,1500,2000274,0,-1,4.45625,0.0,0.2347597938731567,0.0179944872418374
No contact event,64,0.1,60,1500,2000275,0,-1,5.40625,0.0625,0.2302643952373468,0.1215180823051894
No contact event,64,0.1,60,1500,2000276,0,-1,5.490625,0.040625,0.3249698468071359,0.085578949682892
No contact event,64,0.1,60,1500,2000277,0,290,8.75625,0.221875,0.3277758935360617,0.2664413653106257
No contact event,64,0.1,60,1500,2000278,0,-1,5.903125,0.059375,0.2918180935589258,0.1255825468854429
No contact event,64,0.1,60,1500,2000279,0,-1,4.4375,0.0,0.246917533094532,0.0186186234754951
No contact event,64,0.1,60,1500,2000280,0,-1,4.8375,0.0,0.2983561143635228,0.0270827682439834
No contact event,64,0.1,60,1500,2000281,0,-1,5.80625,0.05625,0.3426351965447677,0.0853179512571537
No contact event,64,0.1,60,1500,2000282,0,-1,5.88125,0.0,0.3348121954191232,0.0982032452585284
No contact event,64,0.1,60,1500,2000283,0,-1,4.653125,0.0,0.2690054955148206,0.0226933914028198
No contact event,64,0.1,60,1500,2000284,0,-1,4.534375,0.0,0.2548759013791147,0.0194703782844265
No contact event,64,0.1,60,1500,2000285,0,350,9.034375,0.25,0.3267747965882535,0.2627266938307859
No contact event,64,0.1,60,1500,2000286,0,-1,4.73125,0.0,0.2805085392227838,0.0208649656323901
No contact event,64,0.1,60,1500,2000287,0,-1,4.59375,0.0,0.2591089097525929,0.022337706117482
No contact event,64,0.1,60,1500,2000288,0,-1,4.775,0.0,0.2662479326339951,0.0650609132680609
No contact event,64,0.1,60,1500,2000289,0,-1,4.9375,0.0,0.2879324702504904,0.0243740193858888
No contact event,64,0.1,60,1500,2000290,0,-1,6.16875,0.05,0.3076543921128519,0.1295698279591089
No contact event,64,0.1,60,1500,2000291,0,-1,4.546875,0.0,0.2355572249081862,0.0189037986296987
No contact event,64,0.1,60,1500,2000292,0,344,7.55625,0.146875,0.3057900987818481,0.212037395137908
No contact event,64,0.1,60,1500,2000293,0,-1,4.1625,0.0,0.2309266218251631,0.0172985784859546
No contact event,64,0.1,60,1500,2000294,0,-1,4.659375,0.0,0.28023558416126,0.0230120967295831
No contact event,64,0.1,60,1500,2000295,0,373,8.796875,0.246875,0.3116898877964391,0.268504163774671
No contact event,64,0.1,60,1500,2000296,0,-1,6.246875,0.090625,0.2762746760551453,0.1343944871420133
No contact event,64,0.1,60,1500,2000297,0,-1,4.528125,0.0,0.264008584952031,0.0259399478355092
No contact event,64,0.1,60,1500,2000298,0,341,8.50625,0.24375,0.31935257764251,0.2638115761564463
No contact event,64,0.1,60,1500,2000299,0,-1,5.9125,0.0375,0.3031380094794592,0.0909732579387661
No cultural selection on cognition,16,0.03,40,1000,1340300,0,275,5.271875,0.0625,0.2188546692634734,0.0783956439678313
No cultural selection on cognition,16,0.03,40,1000,1340301,0,-1,4.3125,0.0,0.2327290465840032,0.0177562346815232
No cultural selection on cognition,16,0.03,40,1000,1340302,0,153,4.1125,0.0,0.1940245608904717,0.015883336606871
No cultural selection on cognition,16,0.03,40,1000,1340303,0,-1,4.146875,0.0,0.2173808427102612,0.0167715945648806
No cultural selection on cognition,16,0.03,40,1000,1340304,0,-1,4.215625,0.0,0.2174588516077033,0.0190583450806414
No cultural selection on cognition,16,0.03,40,1000,1340305,0,-1,4.371875,0.0,0.2352850399369217,0.0204784912655785
No cultural selection on cognition,16,0.03,40,1000,1340306,0,-1,4.046875,0.0,0.1796393134253986,0.0167092355490992
No cultural selection on cognition,16,0.03,40,1000,1340307,0,-1,4.10625,0.0,0.2024541772503454,0.0158719911058538
No cultural selection on cognition,16,0.03,40,1000,1340308,0,-1,4.36875,0.0,0.2429827284321561,0.0170253878603708
No cultural selection on cognition,16,0.03,40,1000,1340309,0,-1,4.25,0.0,0.2081018290114568,0.0176611468535574
No cultural selection on cognition,16,0.03,40,1000,1340310,0,-1,4.253125,0.0,0.2034643344642893,0.0163072048517161
No cultural selection on cognition,16,0.03,40,1000,1340311,0,-1,4.21875,0.0,0.2162610277114298,0.017333696774776
No cultural selection on cognition,16,0.03,40,1000,1340312,0,-1,4.1625,0.0,0.2182593874333179,0.0161493032430247
No cultural selection on cognition,16,0.03,40,1000,1340313,0,-1,4.196875,0.0,0.2061628254834917,0.0155845999197746
No cultural selection on cognition,16,0.03,40,1000,1340314,0,-1,4.16875,0.0,0.2085195714715328,0.0158801775989452
No cultural selection on cognition,16,0.03,40,1000,1340315,0,-1,4.15,0.0,0.2129786367180597,0.0157613525112035
No cultural selection on cognition,16,0.03,40,1000,1340316,0,-1,4.15,0.0,0.1985332336945887,0.0183781339208816
No cultural selection on cognition,16,0.03,40,1000,1340317,0,-1,4.065625,0.0,0.2054746467593316,0.0156763477226157
No cultural selection on cognition,16,0.03,40,1000,1340318,0,-1,4.1625,0.0,0.2118921300295874,0.0162255330034411
No cultural selection on cognition,16,0.03,40,1000,1340319,0,-1,3.98125,0.0,0.1947560361670229,0.0157581879493546
No cultural selection on cognition,16,0.03,40,1000,1340320,0,-1,4.209375,0.0,0.1867844492827657,0.0173452699623006
No cultural selection on cognition,16,0.03,40,1000,1340321,0,-1,4.140625,0.0,0.2015709097065531,0.0158785302999319
No cultural selection on cognition,16,0.03,40,1000,1340322,0,-1,4.175,0.0,0.1962150813582599,0.0171997923624849
No cultural selection on cognition,16,0.03,40,1000,1340323,0,-1,4.259375,0.0,0.2358533809616572,0.0166301563289106
No cultural selection on cognition,16,0.03,40,1000,1340324,0,-1,4.234375,0.0,0.2199690228582533,0.0163922483306148
No cultural selection on cognition,16,0.03,40,1000,1340325,0,-1,5.071875,0.0,0.3105311246975097,0.0299226991145419
No cultural selection on cognition,16,0.03,40,1000,1340326,0,-1,4.190625,0.0,0.2044436772749428,0.0151404935223479
No cultural selection on cognition,16,0.03,40,1000,1340327,0,-1,4.246875,0.0,0.1986663108313323,0.0187822876755908
No cultural selection on cognition,16,0.03,40,1000,1340328,0,-1,4.34375,0.0,0.2370953280200614,0.0179133210383301
No cultural selection on cognition,16,0.03,40,1000,1340329,0,-1,4.240625,0.0,0.2228830201864928,0.0159400049494212
No cultural selection on cognition,16,0.03,40,1000,1340330,0,-1,4.15,0.0,0.1907990692560236,0.0174343289819056
No cultural selection on cognition,16,0.03,40,1000,1340331,0,-1,4.390625,0.0,0.2585038061490237,0.0204812066921874
No cultural selection on cognition,16,0.03,40,1000,1340332,0,-1,3.975,0.0,0.2029057519686873,0.0156873291605959
No cultural selection on cognition,16,0.03,40,1000,1340333,0,-1,4.125,0.0,0.2133579806005473,0.0161646570433511
No cultural selection on cognition,16,0.03,40,1000,1340334,0,-1,4.325,0.0,0.2275457261684494,0.0183096014690495
No cultural selection on cognition,16,0.03,40,1000,1340335,0,-1,4.296875,0.0,0.2186847694172265,0.0169739622546079
No cultural selection on cognition,16,0.03,40,1000,1340336,0,-1,4.253125,0.0,0.2174326355259437,0.015945019021428
No cultural selection on cognition,16,0.03,40,1000,1340337,0,-1,4.265625,0.0,0.213761123989296,0.0174135934296419
No cultural selection on cognition,16,0.03,40,1000,1340338,0,-1,4.3125,0.0,0.2174798745666956,0.0180991591960696
No cultural selection on cognition,16,0.03,40,1000,1340339,0,-1,4.221875,0.0,0.2084496599442534,0.0170767040667713
No cultural selection on cognition,16,0.03,40,1000,1340340,0,-1,4.2,0.0,0.2227284162550895,0.0162519518594806
No cultural selection on cognition,16,0.03,40,1000,1340341,0,-1,4.309375,0.0,0.2540586768197974,0.0182195529449283
No cultural selection on cognition,16,0.03,40,1000,1340342,0,-1,3.909375,0.0,0.192331975880171,0.0150110115161601
No cultural selection on cognition,16,0.03,40,1000,1340343,0,151,5.48125,0.05,0.1771308358120908,0.1119207218243335
No cultural selection on cognition,16,0.03,40,1000,1340344,0,-1,4.228125,0.0,0.1991851751028407,0.0176306815094688
No cultural selection on cognition,16,0.03,40,1000,1340345,0,-1,4.11875,0.0,0.1921675682543487,0.0161069689392861
No cultural selection on cognition,16,0.03,40,1000,1340346,0,-1,4.26875,0.0,0.2208920031769284,0.0169002444676006
No cultural selection on cognition,16,0.03,40,1000,1340347,0,-1,4.025,0.0,0.1743501292629434,0.0150370158848064
No cultural selection on cognition,16,0.03,40,1000,1340348,0,-1,4.065625,0.0,0.2356974954442032,0.0168919576279032
No cultural selection on cognition,16,0.03,40,1000,1340349,0,-1,4.04375,0.0,0.1884977867280016,0.014903309578102
No cultural selection on cognition,16,0.06,40,1000,1340600,0,-1,4.215625,0.0,0.211307773178945,0.0173440329616951
No cultural selection on cognition,16,0.06,40,1000,1340601,0,-1,4.278125,0.0,0.2143301195576948,0.017406131755327
No cultural selection on cognition,16,0.06,40,1000,1340602,0,-1,4.209375,0.0,0.2330695843852913,0.0168461901191548
No cultural selection on cognition,16,0.06,40,1000,1340603,0,-1,4.315625,0.0,0.2108078061270279,0.017089081930814
No cultural selection on cognition,16,0.06,40,1000,1340604,0,-1,4.0875,0.0,0.1850884276828086,0.0157298726119051
No cultural selection on cognition,16,0.06,40,1000,1340605,0,-1,4.215625,0.0,0.2341368779661294,0.0164771343803329
No cultural selection on cognition,16,0.06,40,1000,1340606,0,-1,4.2875,0.0,0.1933002323254591,0.0160116145500193
No cultural selection on cognition,16,0.06,40,1000,1340607,0,-1,4.05625,0.0,0.194790624809737,0.015501644831154
No cultural selection on cognition,16,0.06,40,1000,1340608,0,-1,4.234375,0.0,0.1867359021561531,0.0168235230740708
No cultural selection on cognition,16,0.06,40,1000,1340609,0,-1,4.146875,0.0,0.213755842836501,0.0180754624810938
No cultural selection on cognition,16,0.06,40,1000,1340610,0,-1,3.99375,0.0,0.1902144013363666,0.016129871913772
No cultural selection on cognition,16,0.06,40,1000,1340611,0,-1,4.24375,0.0,0.2254123816415612,0.0178525834910613
No cultural selection on cognition,16,0.06,40,1000,1340612,0,-1,4.378125,0.0,0.2263448815185043,0.0183954172819698
No cultural selection on cognition,16,0.06,40,1000,1340613,0,145,9.403125,0.253125,0.2158725874276434,0.3215707407948848
No cultural selection on cognition,16,0.06,40,1000,1340614,0,-1,4.15625,0.0,0.2028778769185066,0.0161061645639066
No cultural selection on cognition,16,0.06,40,1000,1340615,0,-1,4.253125,0.0,0.2088335481033031,0.0172114252256499
No cultural selection on cognition,16,0.06,40,1000,1340616,0,-1,4.00625,0.0,0.1964040103202196,0.0153006372327526
No cultural selection on cognition,16,0.06,40,1000,1340617,0,-1,4.45,0.0,0.2176164061542788,0.0192258026692036
No cultural selection on cognition,16,0.06,40,1000,1340618,0,-1,4.115625,0.0,0.2035478426881364,0.0158930353020037
No cultural selection on cognition,16,0.06,40,1000,1340619,0,-1,4.24375,0.0,0.2148321078370123,0.0163215413708358
No cultural selection on cognition,16,0.06,40,1000,1340620,0,-1,4.171875,0.0,0.2364118914368375,0.0169726736067817
No cultural selection on cognition,16,0.06,40,1000,1340621,0,-1,4.065625,0.0,0.1806261650384413,0.0156955052041623
No cultural selection on cognition,16,0.06,40,1000,1340622,0,-1,4.16875,0.0,0.1984983870814528,0.0162087931970742
No cultural selection on cognition,16,0.06,40,1000,1340623,0,-1,4.13125,0.0,0.1983600727760107,0.0156669101405812
No cultural selection on cognition,16,0.06,40,1000,1340624,0,-1,4.0625,0.0,0.1864129692224105,0.0156338198781592
No cultural selection on cognition,16,0.06,40,1000,1340625,0,-1,4.2,0.0,0.1944960708241237,0.0161643214908071
No cultural selection on cognition,16,0.06,40,1000,1340626,0,-1,4.071875,0.0,0.1892724934502317,0.014665734001514
No cultural selection on cognition,16,0.06,40,1000,1340627,0,-1,4.121875,0.0,0.2094994709709315,0.0198298813743239
No cultural selection on cognition,16,0.06,40,1000,1340628,0,-1,4.278125,0.0,0.2126831757093776,0.0179093408441506
No cultural selection on cognition,16,0.06,40,1000,1340629,0,162,8.06875,0.196875,0.2061681892184082,0.2568374963202201
No cultural selection on cognition,16,0.06,40,1000,1340630,0,164,4.3,0.0,0.214252126651722,0.0213624746013182
No cultural selection on cognition,16,0.06,40,1000,1340631,0,-1,5.009375,0.025,0.2196609153404807,0.0779855729574182
No cultural selection on cognition,16,0.06,40,1000,1340632,0,-1,4.61875,0.0,0.2394041177617095,0.0195460611496201
No cultural selection on cognition,16,0.06,40,1000,1340633,0,-1,3.99375,0.0,0.1852428091934604,0.0145130131574863
No cultural selection on cognition,16,0.06,40,1000,1340634,0,162,4.1375,0.0,0.2010308410280761,0.0158831132544357
No cultural selection on cognition,16,0.06,40,1000,1340635,0,-1,4.1,0.0,0.1901220387202942,0.0162588356540452
No cultural selection on cognition,16,0.06,40,1000,1340636,0,-1,4.14375,0.0,0.1819740496520151,0.0152842104540866
No cultural selection on cognition,16,0.06,40,1000,1340637,0,-1,4.09375,0.0,0.197178894137264,0.0175272291198002
No cultural selection on cognition,16,0.06,40,1000,1340638,0,-1,4.30625,0.0,0.2314601713216406,0.0185757314106524
No cultural selection on cognition,16,0.06,40,1000,1340639,0,155,6.075,0.078125,0.2103095772320745,0.1393812977610891
No cultural selection on cognition,16,0.06,40,1000,1340640,0,-1,4.078125,0.0,0.1902572514185435,0.0154587401515498
No cultural selection on cognition,16,0.06,40,1000,1340641,0,-1,4.021875,0.0,0.1924689383708861,0.0156359776354273
No cultural selection on cognition,16,0.06,40,1000,1340642,0,-1,4.003125,0.0,0.1955555079588092,0.0155460576598748
No cultural selection on cognition,16,0.06,40,1000,1340643,0,-1,4.18125,0.0,0.2246195646144211,0.0155993987133676
No cultural selection on cognition,16,0.06,40,1000,1340644,0,-1,4.1625,0.0,0.2176196873712136,0.0177152400169191
No cultural selection on cognition,16,0.06,40,1000,1340645,0,-1,4.403125,0.0,0.2029543250164767,0.0406663397666133
No cultural selection on cognition,16,0.06,40,1000,1340646,0,-1,4.246875,0.0,0.2114778816322305,0.0168979702355961
No cultural selection on cognition,16,0.06,40,1000,1340647,0,-1,4.271875,0.0,0.2131069192223931,0.0171624215270629
No cultural selection on cognition,16,0.06,40,1000,1340648,0,-1,4.046875,0.0,0.2031144920884594,0.0146253932887931
No cultural selection on cognition,16,0.06,40,1000,1340649,0,-1,4.325,0.0,0.2216260975977989,0.0160932781951629
No cultural selection on cognition,16,0.1,40,1000,1341000,0,-1,3.871875,0.0,0.1651256669013415,0.0146424532294974
No cultural selection on cognition,16,0.1,40,1000,1341001,0,158,8.05,0.175,0.1896919665914853,0.2595284131817849
No cultural selection on cognition,16,0.1,40,1000,1341002,0,147,8.378125,0.1875,0.2118256894996943,0.2762945220892894
No cultural selection on cognition,16,0.1,40,1000,1341003,0,186,4.253125,0.0,0.1951321727063617,0.0158618838531946
No cultural selection on cognition,16,0.1,40,1000,1341004,0,-1,4.834375,0.0,0.1971936177847861,0.0602854548479626
No cultural selection on cognition,16,0.1,40,1000,1341005,0,-1,4.325,0.0,0.2474850770718901,0.016243103943686
No cultural selection on cognition,16,0.1,40,1000,1341006,0,-1,4.2875,0.0,0.2058636316529591,0.0166115315816175
No cultural selection on cognition,16,0.1,40,1000,1341007,0,-1,4.090625,0.0,0.2104017667463162,0.0158009342582505
No cultural selection on cognition,16,0.1,40,1000,1341008,0,-1,4.171875,0.0,0.2206727568916534,0.0160986558668289
No cultural selection on cognition,16,0.1,40,1000,1341009,0,151,6.459375,0.121875,0.2126528561869947,0.1396981042751272
No cultural selection on cognition,16,0.1,40,1000,1341010,0,-1,4.153125,0.0,0.1948186380690654,0.0175210605777673
No cultural selection on cognition,16,0.1,40,1000,1341011,0,156,6.303125,0.11875,0.2222259933902888,0.1387652557029817
No cultural selection on cognition,16,0.1,40,1000,1341012,0,-1,4.028125,0.0,0.1882697084923262,0.0145562135823817
No cultural selection on cognition,16,0.1,40,1000,1341013,0,-1,4.265625,0.0,0.2160277879374323,0.0174810138905752
No cultural selection on cognition,16,0.1,40,1000,1341014,0,-1,4.028125,0.0,0.1973816447297508,0.0156382394192363
No cultural selection on cognition,16,0.1,40,1000,1341015,0,-1,4.0625,0.0,0.2130267237672309,0.0169411680213047
No cultural selection on cognition,16,0.1,40,1000,1341016,0,157,5.865625,0.0875,0.2113198161651766,0.135450089766728
No cultural selection on cognition,16,0.1,40,1000,1341017,0,-1,4.296875,0.0,0.231504008094553,0.0198941221278887
No cultural selection on cognition,16,0.1,40,1000,1341018,0,189,5.16875,0.05625,0.2027999246013321,0.0787048083759654
No cultural selection on cognition,16,0.1,40,1000,1341019,0,-1,4.15,0.0,0.2064310091881155,0.0157204613288199
No cultural selection on cognition,16,0.1,40,1000,1341020,0,160,5.365625,0.0625,0.2172636375189204,0.0807065022798355
No cultural selection on cognition,16,0.1,40,1000,1341021,0,156,6.853125,0.140625,0.1978448858585055,0.1978789611584532
No cultural selection on cognition,16,0.1,40,1000,1341022,0,151,6.559375,0.109375,0.1703112276750176,0.1964372683695928
No cultural selection on cognition,16,0.1,40,1000,1341023,0,145,16.2125,0.534375,0.2324265637666185,0.6313099846340464
No cultural selection on cognition,16,0.1,40,1000,1341024,0,-1,4.125,0.0,0.1845289843173481,0.0156909274356498
No cultural selection on cognition,16,0.1,40,1000,1341025,0,-1,4.08125,0.0,0.2060470546238035,0.0161657792013906
No cultural selection on cognition,16,0.1,40,1000,1341026,0,-1,4.175,0.0,0.223081905239343,0.016202839501823
No cultural selection on cognition,16,0.1,40,1000,1341027,0,-1,4.39375,0.0,0.2173801800118563,0.0184329399793003
No cultural selection on cognition,16,0.1,40,1000,1341028,0,153,7.396875,0.153125,0.1985833516978789,0.197957308066892
No cultural selection on cognition,16,0.1,40,1000,1341029,0,157,11.425,0.315625,0.2007772800712697,0.387472134059144
No cultural selection on cognition,16,0.1,40,1000,1341030,1,138,20.15,0.725,0.2527578038810408,0.8132684649186516
No cultural selection on cognition,16,0.1,40,1000,1341031,0,-1,4.159375,0.0,0.2028814338864789,0.0173204062420199
No cultural selection on cognition,16,0.1,40,1000,1341032,0,-1,4.271875,0.0,0.2139824606260435,0.0179877293928665
No cultural selection on cognition,16,0.1,40,1000,1341033,0,-1,4.471875,0.0,0.2427629194830433,0.0199639972799636
No cultural selection on cognition,16,0.1,40,1000,1341034,0,-1,4.475,0.0,0.2187817819591292,0.0203293264216964
No cultural selection on cognition,16,0.1,40,1000,1341035,0,-1,4.171875,0.0,0.2317253917988112,0.0165453513191246
No cultural selection on cognition,16,0.1,40,1000,1341036,0,-1,4.05,0.0,0.1817290122129753,0.0164691802136618
No cultural selection on cognition,16,0.1,40,1000,1341037,0,148,17.95,0.671875,0.2162945780756169,0.7476790163216318
No cultural selection on cognition,16,0.1,40,1000,1341038,0,-1,5.0875,0.046875,0.2210903996312609,0.0752144828085137
No cultural selection on cognition,16,0.1,40,1000,1341039,0,-1,4.296875,0.0,0.2105121732358321,0.0184805125976762
No cultural selection on cognition,16,0.1,40,1000,1341040,0,155,7.346875,0.128125,0.2112294032776293,0.2373336372711922
No cultural selection on cognition,16,0.1,40,1000,1341041,0,-1,4.021875,0.0,0.2021783563464128,0.0153615632775159
No cultural selection on cognition,16,0.1,40,1000,1341042,0,-1,4.24375,0.0,0.2307707927842249,0.0184293927710479
No cultural selection on cognition,16,0.1,40,1000,1341043,0,158,5.9625,0.09375,0.1901178521164619,0.1365422233998355
No cultural selection on cognition,16,0.1,40,1000,1341044,0,-1,4.103125,0.0,0.2096821482648249,0.0159229498215416
No cultural selection on cognition,16,0.1,40,1000,1341045,0,165,4.65625,0.0,0.2540857187930497,0.022545876419081
No cultural selection on cognition,16,0.1,40,1000,1341046,0,-1,4.3375,0.0,0.2088672168003334,0.0167283713730574
No cultural selection on cognition,16,0.1,40,1000,1341047,0,-1,3.884375,0.0,0.1691657145690666,0.0140603779707373
No cultural selection on cognition,16,0.1,40,1000,1341048,0,-1,4.253125,0.0,0.2084828558787573,0.0162145139211728
No cultural selection on cognition,16,0.1,40,1000,1341049,0,-1,4.175,0.0,0.2186100194216002,0.0161289545394944
No cultural selection on cognition,16,0.16,40,1000,1341600,0,-1,4.096875,0.0,0.2061915972875013,0.0158254427446303
No cultural selection on cognition,16,0.16,40,1000,1341601,0,-1,4.06875,0.0,0.1947852918183115,0.0168319993544137
No cultural selection on cognition,16,0.16,40,1000,1341602,0,-1,4.98125,0.025,0.2249522599822876,0.0731251909672384
No cultural selection on cognition,16,0.16,40,1000,1341603,0,-1,4.1375,0.0,0.1982889903407613,0.0160982241484842
No cultural selection on cognition,16,0.16,40,1000,1341604,0,-1,4.11875,0.0,0.224406765075797,0.0165346959129688
No cultural selection on cognition,16,0.16,40,1000,1341605,0,-1,4.15,0.0,0.2151219468057355,0.0172567850275494
No cultural selection on cognition,16,0.16,40,1000,1341606,0,-1,4.1875,0.0,0.1996563812342202,0.0156696858580108
No cultural selection on cognition,16,0.16,40,1000,1341607,0,153,15.40625,0.5375,0.2104718469155467,0.6260764281529926
No cultural selection on cognition,16,0.16,40,1000,1341608,0,-1,4.4125,0.0,0.2421927695219582,0.0185406329871049
No cultural selection on cognition,16,0.16,40,1000,1341609,0,146,17.35625,0.6125,0.1911367454960054,0.7476919089023997
No cultural selection on cognition,16,0.16,40,1000,1341610,0,-1,4.040625,0.0,0.194204410973623,0.0152777933139581
No cultural selection on cognition,16,0.16,40,1000,1341611,0,-1,4.646875,0.0,0.2366731328177875,0.0300465479143109
No cultural selection on cognition,16,0.16,40,1000,1341612,0,-1,4.296875,0.0,0.2053383054388398,0.0162309202414725
No cultural selection on cognition,16,0.16,40,1000,1341613,0,-1,4.39375,0.0,0.2421092258226444,0.020944380584247
No cultural selection on cognition,16,0.16,40,1000,1341614,0,166,4.128125,0.0,0.1941603004324104,0.0160123813584602
No cultural selection on cognition,16,0.16,40,1000,1341615,0,-1,5.578125,0.053125,0.2134706400294406,0.1225108880217218
No cultural selection on cognition,16,0.16,40,1000,1341616,0,-1,4.259375,0.0,0.2266717014609059,0.0175811479262044
No cultural selection on cognition,16,0.16,40,1000,1341617,0,166,5.6875,0.046875,0.2205021491570027,0.1205346960099435
No cultural selection on cognition,16,0.16,40,1000,1341618,0,162,5.83125,0.1,0.1987669052560355,0.1351282168528377
No cultural selection on cognition,16,0.16,40,1000,1341619,0,169,6.746875,0.125,0.2225891949345464,0.1388540654774256
No cultural selection on cognition,16,0.16,40,1000,1341620,0,-1,3.9875,0.0,0.2073221587259335,0.0173173247433528
No cultural selection on cognition,16,0.16,40,1000,1341621,0,-1,4.215625,0.0,0.2134287356342479,0.0184359386167098
No cultural selection on cognition,16,0.16,40,1000,1341622,0,156,6.053125,0.078125,0.1951163659746503,0.1454179155665205
No cultural selection on cognition,16,0.16,40,1000,1341623,0,-1,4.0125,0.0,0.1816612422136675,0.0171541429885489
No cultural selection on cognition,16,0.16,40,1000,1341624,0,-1,4.240625,0.0,0.2090565231981617,0.0173370374048528
No cultural selection on cognition,16,0.16,40,1000,1341625,0,-1,4.171875,0.0,0.1955467195770183,0.015474372113129
No cultural selection on cognition,16,0.16,40,1000,1341626,0,-1,4.209375,0.0,0.2370998422965672,0.0163285367434722
No cultural selection on cognition,16,0.16,40,1000,1341627,0,-1,4.625,0.0,0.2411985553428019,0.0299671366681628
No cultural selection on cognition,16,0.16,40,1000,1341628,0,-1,4.103125,0.0,0.1830948897609472,0.0161239038264104
No cultural selection on cognition,16,0.16,40,1000,1341629,0,-1,3.978125,0.0,0.1697871329030384,0.0151298567520112
No cultural selection on cognition,16,0.16,40,1000,1341630,0,-1,3.975,0.0,0.1913900430472772,0.0158502927432673
No cultural selection on cognition,16,0.16,40,1000,1341631,0,-1,4.2375,0.0,0.2322168972473871,0.0180248622644781
No cultural selection on cognition,16,0.16,40,1000,1341632,0,-1,4.315625,0.0,0.2161441978590674,0.017185964023977
No cultural selection on cognition,16,0.16,40,1000,1341633,0,-1,4.23125,0.0,0.2183888625439659,0.0162449878419186
No cultural selection on cognition,16,0.16,40,1000,1341634,0,-1,4.178125,0.0,0.2034765867465443,0.0173743767287433
No cultural selection on cognition,16,0.16,40,1000,1341635,0,-1,4.146875,0.0,0.2257384219983115,0.016297800825393
No cultural selection on cognition,16,0.16,40,1000,1341636,0,-1,4.271875,0.0,0.2083683566308747,0.0172076759516102
No cultural selection on cognition,16,0.16,40,1000,1341637,0,-1,4.2125,0.0,0.2292248956075853,0.0175197672682401
No cultural selection on cognition,16,0.16,40,1000,1341638,0,-1,4.23125,0.0,0.2105621121492373,0.0175602125872488
No cultural selection on cognition,16,0.16,40,1000,1341639,0,-1,4.409375,0.0,0.2035603170536807,0.0169285532436168
No cultural selection on cognition,16,0.16,40,1000,1341640,0,-1,3.996875,0.0,0.1931501487436313,0.0156214596808064
No cultural selection on cognition,16,0.16,40,1000,1341641,0,-1,4.109375,0.0,0.1906621413188477,0.0166904696369567
No cultural selection on cognition,16,0.16,40,1000,1341642,0,-1,3.903125,0.0,0.1817201134807581,0.0156351576540534
No cultural selection on cognition,16,0.16,40,1000,1341643,0,-1,4.125,0.0,0.2169721518455241,0.0159905427740046
No cultural selection on cognition,16,0.16,40,1000,1341644,0,-1,4.284375,0.0,0.2143448628565579,0.0194164120220323
No cultural selection on cognition,16,0.16,40,1000,1341645,0,-1,4.096875,0.0,0.1877789105021975,0.0165502102057112
No cultural selection on cognition,16,0.16,40,1000,1341646,0,-1,4.16875,0.0,0.2013970413550076,0.0168989700830355
No cultural selection on cognition,16,0.16,40,1000,1341647,0,-1,4.39375,0.0,0.2445780178244104,0.0215024518204834
No cultural selection on cognition,16,0.16,40,1000,1341648,0,-1,4.10625,0.0,0.2025168729449929,0.0174675511022007
No cultural selection on cognition,16,0.16,40,1000,1341649,0,-1,4.21875,0.0,0.2364451949477396,0.0171852485655162
No cultural selection on cognition,16,0.03,60,1500,1360300,0,-1,4.11875,0.0,0.1863971711038203,0.0155341148009092
No cultural selection on cognition,16,0.03,60,1500,1360301,0,-1,4.075,0.0,0.2049993027572704,0.0151022724643701
No cultural selection on cognition,16,0.03,60,1500,1360302,0,-1,4.25625,0.0,0.2401175250349868,0.0191118968676771
No cultural selection on cognition,16,0.03,60,1500,1360303,0,-1,4.446875,0.0,0.2230186897976536,0.0195558433260518
No cultural selection on cognition,16,0.03,60,1500,1360304,0,-1,4.23125,0.0,0.2093439204496855,0.0173115563960245
No cultural selection on cognition,16,0.03,60,1500,1360305,0,-1,4.346875,0.0,0.2381206914413426,0.0189662336321461
No cultural selection on cognition,16,0.03,60,1500,1360306,0,-1,4.1,0.0,0.2108445072105372,0.0161684803844681
No cultural selection on cognition,16,0.03,60,1500,1360307,0,-1,4.215625,0.0,0.2150509620802209,0.017171606149395
No cultural selection on cognition,16,0.03,60,1500,1360308,0,-1,4.984375,0.059375,0.1967068474820657,0.0753263029761197
No cultural selection on cognition,16,0.03,60,1500,1360309,0,-1,4.50625,0.0,0.2289293600885114,0.0182573576784463
No cultural selection on cognition,16,0.03,60,1500,1360310,0,-1,4.18125,0.0,0.2150770076793491,0.0171990697250451
No cultural selection on cognition,16,0.03,60,1500,1360311,0,-1,4.384375,0.0,0.2460671254381621,0.0179929891773464
No cultural selection on cognition,16,0.03,60,1500,1360312,0,-1,4.221875,0.0,0.1866951979293376,0.0156477733284523
No cultural selection on cognition,16,0.03,60,1500,1360313,0,-1,4.2125,0.0,0.2026984929139406,0.0161540912254852
No cultural selection on cognition,16,0.03,60,1500,1360314,0,-1,4.05625,0.0,0.2096276468131782,0.0152128353514469
No cultural selection on cognition,16,0.03,60,1500,1360315,0,-1,4.19375,0.0,0.2159583570627921,0.0158919042394958
No cultural selection on cognition,16,0.03,60,1500,1360316,0,-1,4.484375,0.0,0.2537723392184177,0.0186939036918829
No cultural selection on cognition,16,0.03,60,1500,1360317,0,-1,4.23125,0.0,0.212434819730645,0.0186409709166979
No cultural selection on cognition,16,0.03,60,1500,1360318,0,-1,3.86875,0.0,0.1785824774742291,0.0145405595516032
No cultural selection on cognition,16,0.03,60,1500,1360319,0,-1,4.034375,0.0,0.1976704783061637,0.0154774072208396
No cultural selection on cognition,16,0.03,60,1500,1360320,0,-1,3.965625,0.0,0.1794656546041673,0.0159984894621638
No cultural selection on cognition,16,0.03,60,1500,1360321,0,-1,4.015625,0.0,0.1963203170595113,0.0169803974720574
No cultural selection on cognition,16,0.03,60,1500,1360322,0,-1,4.06875,0.0,0.1940006013061085,0.0156874840498591
No cultural selection on cognition,16,0.03,60,1500,1360323,0,397,5.784375,0.1125,0.2223745092610851,0.136617560107861
No cultural selection on cognition,16,0.03,60,1500,1360324,0,-1,4.134375,0.0,0.2139535794416586,0.0174025002383056
No cultural selection on cognition,16,0.03,60,1500,1360325,0,-1,4.265625,0.0,0.2313362628129822,0.0175112754931933
No cultural selection on cognition,16,0.03,60,1500,1360326,0,-1,4.14375,0.0,0.1910005331499289,0.0169376672733715
No cultural selection on cognition,16,0.03,60,1500,1360327,0,-1,4.23125,0.0,0.1982589667815285,0.0154705240412972
No cultural selection on cognition,16,0.03,60,1500,1360328,0,168,4.628125,0.003125,0.2342933962906717,0.0327057144520371
No cultural selection on cognition,16,0.03,60,1500,1360329,0,-1,4.621875,0.0,0.2677390311250172,0.023189654651354
No cultural selection on cognition,16,0.03,60,1500,1360330,0,-1,4.18125,0.0,0.2051232399774801,0.0168164290035528
No cultural selection on cognition,16,0.03,60,1500,1360331,0,-1,4.1125,0.0,0.2146402621122357,0.0159079898466074
No cultural selection on cognition,16,0.03,60,1500,1360332,0,206,5.0125,0.05,0.1876549784899132,0.0760983883251815
No cultural selection on cognition,16,0.03,60,1500,1360333,0,-1,4.10625,0.0,0.2017462238948926,0.015811619080517
No cultural selection on cognition,16,0.03,60,1500,1360334,0,235,5.14375,0.046875,0.2073166206850719,0.0783061606987352
No cultural selection on cognition,16,0.03,60,1500,1360335,0,-1,4.253125,0.0,0.2285973201479611,0.0184943452409872
No cultural selection on cognition,16,0.03,60,1500,1360336,0,-1,4.80625,0.0,0.2420169451805355,0.0462716070385183
No cultural selection on cognition,16,0.03,60,1500,1360337,0,-1,4.275,0.0,0.2274705215737144,0.0154731534934743
No cultural selection on cognition,16,0.03,60,1500,1360338,0,-1,4.225,0.0,0.1968333345675666,0.0156533883722184
No cultural selection on cognition,16,0.03,60,1500,1360339,0,-1,4.221875,0.0,0.1999973423903366,0.0177866480134877
No cultural selection on cognition,16,0.03,60,1500,1360340,0,-1,4.26875,0.0,0.1968589062166185,0.0178633723048738
No cultural selection on cognition,16,0.03,60,1500,1360341,0,-1,4.178125,0.0,0.2158102839611925,0.015495662734167
No cultural selection on cognition,16,0.03,60,1500,1360342,0,-1,4.2125,0.0,0.2021731845694614,0.016329414343916
No cultural selection on cognition,16,0.03,60,1500,1360343,0,234,5.99375,0.11875,0.2252201686422017,0.1378135082805851
No cultural selection on cognition,16,0.03,60,1500,1360344,0,-1,5.03125,0.034375,0.20851081734509,0.0753193385232349
No cultural selection on cognition,16,0.03,60,1500,1360345,0,-1,4.16875,0.0,0.2040962323257935,0.0159266248761712
No cultural selection on cognition,16,0.03,60,1500,1360346,0,-1,4.409375,0.0,0.2401453605296984,0.0235426219294155
No cultural selection on cognition,16,0.03,60,1500,1360347,0,-1,4.171875,0.0,0.207394449258264,0.015987615783584
No cultural selection on cognition,16,0.03,60,1500,1360348,0,-1,4.403125,0.0,0.2353383413142983,0.0172820151520802
No cultural selection on cognition,16,0.03,60,1500,1360349,0,157,8.846875,0.21875,0.2183048782739058,0.263089704178144
No cultural selection on cognition,16,0.06,60,1500,1360600,0,172,9.8125,0.25,0.2513851779657778,0.3274472625175174
No cultural selection on cognition,16,0.06,60,1500,1360601,0,-1,4.36875,0.0,0.2430389855909018,0.0184751733497818
No cultural selection on cognition,16,0.06,60,1500,1360602,0,185,5.103125,0.0625,0.2107300614728757,0.0758076841096947
No cultural selection on cognition,16,0.06,60,1500,1360603,0,-1,4.35,0.0,0.2155317394107063,0.0172945322323381
No cultural selection on cognition,16,0.06,60,1500,1360604,0,-1,4.0125,0.0,0.1715602422951954,0.0146544026282025
No cultural selection on cognition,16,0.06,60,1500,1360605,0,-1,4.2625,0.0,0.2185121281118278,0.0164029292434053
No cultural selection on cognition,16,0.06,60,1500,1360606,0,188,5.115625,0.059375,0.2187732028765925,0.0780093694990207
No cultural selection on cognition,16,0.06,60,1500,1360607,0,-1,4.065625,0.0,0.2139577664062693,0.0183523727401837
No cultural selection on cognition,16,0.06,60,1500,1360608,0,-1,4.10625,0.0,0.2034427503234053,0.02084582552442
No cultural selection on cognition,16,0.06,60,1500,1360609,0,-1,4.896875,0.059375,0.1988688644057447,0.0756838008860181
No cultural selection on cognition,16,0.06,60,1500,1360610,0,-1,4.259375,0.0,0.2120558135391018,0.0159208574519843
No cultural selection on cognition,16,0.06,60,1500,1360611,0,170,8.5375,0.2,0.2104437441625105,0.2619541722167026
No cultural selection on cognition,16,0.06,60,1500,1360612,0,183,5.415625,0.05625,0.1773386190283968,0.1266505480084769
No cultural selection on cognition,16,0.06,60,1500,1360613,0,-1,4.03125,0.0,0.1891366330752478,0.0157148639892102
No cultural selection on cognition,16,0.06,60,1500,1360614,0,-1,4.065625,0.0,0.1996296352090351,0.0170801055545397
No cultural selection on cognition,16,0.06,60,1500,1360615,0,-1,4.978125,0.0625,0.2026391250218188,0.0758307175035979
No cultural selection on cognition,16,0.06,60,1500,1360616,0,153,9.29375,0.25,0.1994696772899504,0.3215028120140448
No cultural selection on cognition,16,0.06,60,1500,1360617,0,-1,4.865625,0.034375,0.2144985118944759,0.0763542963282743
No cultural selection on cognition,16,0.06,60,1500,1360618,0,-1,5.034375,0.059375,0.1979508982162751,0.0753743413000757
No cultural selection on cognition,16,0.06,60,1500,1360619,0,147,17.95625,0.615625,0.2575734089596094,0.6893498926682232
No cultural selection on cognition,16,0.06,60,1500,1360620,1,138,20.453125,0.7875,0.2023047301986327,0.8709852854732065
No cultural selection on cognition,16,0.06,60,1500,1360621,0,-1,4.146875,0.0,0.1976669938996444,0.0169588630520176
No cultural selection on cognition,16,0.06,60,1500,1360622,0,-1,4.084375,0.0,0.1929268434464494,0.0158430178453183
No cultural selection on cognition,16,0.06,60,1500,1360623,0,177,5.45,0.0375,0.251064801898991,0.0799789296910925
No cultural selection on cognition,16,0.06,60,1500,1360624,0,-1,3.971875,0.0,0.1890255566464382,0.0166401720300339
No cultural selection on cognition,16,0.06,60,1500,1360625,0,-1,4.3,0.0,0.2042695522241744,0.0206325322449242
No cultural selection on cognition,16,0.06,60,1500,1360626,0,-1,4.259375,0.0,0.2238242484574155,0.0178375208879392
No cultural selection on cognition,16,0.06,60,1500,1360627,0,160,11.759375,0.353125,0.2629748419043188,0.391180550110953
No cultural selection on cognition,16,0.06,60,1500,1360628,0,138,16.275,0.54375,0.2257001834550515,0.6283200804861815
No cultural selection on cognition,16,0.06,60,1500,1360629,0,-1,4.30625,0.0,0.228697879148211,0.0167438360008085
No cultural selection on cognition,16,0.06,60,1500,1360630,0,172,10.96875,0.3375,0.2313869993974406,0.3825232259036685
No cultural selection on cognition,16,0.06,60,1500,1360631,0,186,5.884375,0.053125,0.1999951706555084,0.1348604012871487
No cultural selection on cognition,16,0.06,60,1500,1360632,0,-1,4.85,0.046875,0.1967561644653487,0.0751383830257328
No cultural selection on cognition,16,0.06,60,1500,1360633,0,-1,4.20625,0.0,0.2061006729641502,0.0158384940261058
No cultural selection on cognition,16,0.06,60,1500,1360634,0,-1,4.371875,0.0,0.2427643731725958,0.0177865413796567
No cultural selection on cognition,16,0.06,60,1500,1360635,0,183,5.29375,0.053125,0.2206272674341342,0.0782168133356376
No cultural selection on cognition,16,0.06,60,1500,1360636,0,-1,4.075,0.0,0.1825530841798054,0.0157451420111557
No cultural selection on cognition,16,0.06,60,1500,1360637,0,151,8.63125,0.2,0.2358724885576666,0.264470810574608
No cultural selection on cognition,16,0.06,60,1500,1360638,0,-1,4.1125,0.0,0.19896126930603,0.0164283443937228
No cultural selection on cognition,16,0.06,60,1500,1360639,0,177,5.984375,0.09375,0.2002259382089328,0.1360028230749316
No cultural selection on cognition,16,0.06,60,1500,1360640,0,-1,4.190625,0.0,0.2236558380183422,0.0169094933354799
No cultural selection on cognition,16,0.06,60,1500,1360641,0,-1,4.26875,0.0,0.2028347129801488,0.0160598503027539
No cultural selection on cognition,16,0.06,60,1500,1360642,0,-1,4.225,0.0,0.2192848321620172,0.0174653711342039
No cultural selection on cognition,16,0.06,60,1500,1360643,0,-1,4.43125,0.0,0.205475169137106,0.0165608584626193
No cultural selection on cognition,16,0.06,60,1500,1360644,0,-1,3.96875,0.0,0.1795466817286985,0.0149959435131165
No cultural selection on cognition,16,0.06,60,1500,1360645,0,-1,3.98125,0.0,0.1984993958834821,0.0146740345074231
No cultural selection on cognition,16,0.06,60,1500,1360646,0,-1,5.1125,0.01875,0.2474069073464503,0.0759366500115311
No cultural selection on cognition,16,0.06,60,1500,1360647,0,-1,4.03125,0.0,0.1953908113784665,0.0154245603455988
No cultural selection on cognition,16,0.06,60,1500,1360648,0,-1,4.384375,0.0,0.201396366048197,0.0204512976120015
No cultural selection on cognition,16,0.06,60,1500,1360649,0,-1,4.225,0.0,0.2080900869227739,0.0170929580671723
No cultural selection on cognition,16,0.1,60,1500,1361000,0,161,9.390625,0.26875,0.2057754300521685,0.3223459600486487
No cultural selection on cognition,16,0.1,60,1500,1361001,0,-1,4.29375,0.0,0.1869013534776638,0.0255933416858255
No cultural selection on cognition,16,0.1,60,1500,1361002,0,-1,4.303125,0.0,0.217049923289766,0.015624075066092
No cultural selection on cognition,16,0.1,60,1500,1361003,0,-1,4.896875,0.0,0.2598327937651762,0.0291388497054658
No cultural selection on cognition,16,0.1,60,1500,1361004,0,165,11.515625,0.3125,0.2218434662312413,0.3904873931100074
No cultural selection on cognition,16,0.1,60,1500,1361005,0,-1,4.115625,0.0,0.203221797418278,0.0164009320670423
No cultural selection on cognition,16,0.1,60,1500,1361006,0,-1,4.13125,0.0,0.1955949130380799,0.0156925481202423
No cultural selection on cognition,16,0.1,60,1500,1361007,0,-1,4.221875,0.0,0.2040284916725838,0.016902851727803
No cultural selection on cognition,16,0.1,60,1500,1361008,0,176,7.8625,0.19375,0.2027593494659158,0.2575605422451509
No cultural selection on cognition,16,0.1,60,1500,1361009,0,-1,4.078125,0.0,0.1953174740000306,0.014383086088004
No cultural selection on cognition,16,0.1,60,1500,1361010,0,-1,4.240625,0.0,0.2346412595266151,0.0162724720793827
No cultural selection on cognition,16,0.1,60,1500,1361011,1,150,23.278125,0.890625,0.2514018200924249,0.9931812948063348
No cultural selection on cognition,16,0.1,60,1500,1361012,0,-1,4.06875,0.0,0.1782365433141402,0.0155012453611797
No cultural selection on cognition,16,0.1,60,1500,1361013,1,143,22.578125,0.853125,0.2046239698339439,0.9926924870342944
No cultural selection on cognition,16,0.1,60,1500,1361014,0,-1,4.475,0.0,0.2333372965434121,0.0188046643205815
No cultural selection on cognition,16,0.1,60,1500,1361015,0,-1,4.025,0.0,0.1874682626114569,0.0148460451851247
No cultural selection on cognition,16,0.1,60,1500,1361016,0,365,5.921875,0.125,0.2259157530165087,0.1356867798828719
No cultural selection on cognition,16,0.1,60,1500,1361017,1,142,20.65,0.784375,0.2178680548344787,0.8708053364218312
No cultural selection on cognition,16,0.1,60,1500,1361018,0,-1,4.15625,0.0,0.2009560913593366,0.0171032243074225
No cultural selection on cognition,16,0.1,60,1500,1361019,0,-1,4.240625,0.0,0.2125063621064572,0.0174161552119017
No cultural selection on cognition,16,0.1,60,1500,1361020,0,-1,4.06875,0.0,0.2066945235592265,0.0147072239518554
No cultural selection on cognition,16,0.1,60,1500,1361021,0,-1,4.178125,0.0,0.2109038142034568,0.0159790694882037
No cultural selection on cognition,16,0.1,60,1500,1361022,0,-1,4.1,0.0,0.2011118550618351,0.0151370515643968
No cultural selection on cognition,16,0.1,60,1500,1361023,0,-1,4.51875,0.0,0.2372718312317166,0.0191025038043356
No cultural selection on cognition,16,0.1,60,1500,1361024,0,185,4.1875,0.0,0.2014233904874603,0.0163981611353089
No cultural selection on cognition,16,0.1,60,1500,1361025,0,-1,4.246875,0.0,0.2365317992780323,0.017231115142334
No cultural selection on cognition,16,0.1,60,1500,1361026,0,-1,4.14375,0.0,0.1840797066454333,0.0156685045741786
No cultural selection on cognition,16,0.1,60,1500,1361027,0,150,13.271875,0.421875,0.201634176072242,0.506430639315899
No cultural selection on cognition,16,0.1,60,1500,1361028,0,-1,4.175,0.0,0.1870297638054078,0.0158319742275966
No cultural selection on cognition,16,0.1,60,1500,1361029,0,174,7.25,0.13125,0.2373760784114651,0.2071202403549623
No cultural selection on cognition,16,0.1,60,1500,1361030,0,139,9.071875,0.228125,0.187992026450381,0.3177896484262622
No cultural selection on cognition,16,0.1,60,1500,1361031,0,-1,4.375,0.0,0.1988582919889687,0.0177456678453446
No cultural selection on cognition,16,0.1,60,1500,1361032,0,151,18.08125,0.63125,0.229314944579146,0.7501266574840207
No cultural selection on cognition,16,0.1,60,1500,1361033,0,-1,4.24375,0.0,0.2016888539263101,0.0167631831097976
No cultural selection on cognition,16,0.1,60,1500,1361034,0,160,11.921875,0.375,0.2041173139791059,0.4448233255465228
No cultural selection on cognition,16,0.1,60,1500,1361035,0,157,10.003125,0.284375,0.2074656139956314,0.3222573291601139
No cultural selection on cognition,16,0.1,60,1500,1361036,0,-1,4.309375,0.0,0.1840316142316349,0.0192714131357108
No cultural selection on cognition,16,0.1,60,1500,1361037,0,-1,4.1375,0.0,0.2130630576670645,0.0160683770543717
No cultural selection on cognition,16,0.1,60,1500,1361038,0,-1,4.09375,0.0,0.1956342657886879,0.0148523120456996
No cultural selection on cognition,16,0.1,60,1500,1361039,0,185,5.20625,0.0625,0.2190004916130243,0.0767564569748806
No cultural selection on cognition,16,0.1,60,1500,1361040,0,-1,4.171875,0.0,0.2026101193802074,0.0161697895685041
No cultural selection on cognition,16,0.1,60,1500,1361041,0,-1,3.928125,0.0,0.183114243070558,0.0143283707794534
No cultural selection on cognition,16,0.1,60,1500,1361042,0,-1,4.14375,0.0,0.2047329732599903,0.0161343451912739
No cultural selection on cognition,16,0.1,60,1500,1361043,0,-1,4.05625,0.0,0.1961524109965576,0.01639846942227
No cultural selection on cognition,16,0.1,60,1500,1361044,0,-1,4.91875,0.05625,0.2249174989914197,0.0750456438990811
No cultural selection on cognition,16,0.1,60,1500,1361045,0,171,12.040625,0.3625,0.1908038921533432,0.4431424348252351
No cultural selection on cognition,16,0.1,60,1500,1361046,0,171,7.671875,0.1625,0.1997751315671907,0.2571054777227509
No cultural selection on cognition,16,0.1,60,1500,1361047,0,-1,4.2125,0.0,0.2028910330714441,0.0154842885889978
No cultural selection on cognition,16,0.1,60,1500,1361048,0,-1,3.98125,0.0,0.1793447084378145,0.0156287207469312
No cultural selection on cognition,16,0.1,60,1500,1361049,0,-1,4.121875,0.0,0.197104640718368,0.0163544206798429
No cultural selection on cognition,16,0.16,60,1500,1361600,0,-1,4.184375,0.0,0.2039730198164431,0.0160995539523656
No cultural selection on cognition,16,0.16,60,1500,1361601,1,164,22.6875,0.878125,0.2165678557896749,0.9921923453582416
No cultural selection on cognition,16,0.16,60,1500,1361602,0,-1,4.175,0.0,0.1993177870032272,0.0163175944652317
No cultural selection on cognition,16,0.16,60,1500,1361603,0,-1,4.303125,0.0,0.2288013650214919,0.0183385380311143
No cultural selection on cognition,16,0.16,60,1500,1361604,0,-1,4.296875,0.0,0.2131487088160133,0.0166397478732792
No cultural selection on cognition,16,0.16,60,1500,1361605,0,249,6.428125,0.121875,0.2234671285793192,0.1391665522818009
No cultural selection on cognition,16,0.16,60,1500,1361606,0,-1,4.14375,0.0,0.2007317382612035,0.0156742379840572
No cultural selection on cognition,16,0.16,60,1500,1361607,0,-1,4.01875,0.0,0.1771938675423816,0.0151070723567935
No cultural selection on cognition,16,0.16,60,1500,1361608,0,-1,4.078125,0.0,0.1946728961444532,0.0155767710591858
No cultural selection on cognition,16,0.16,60,1500,1361609,0,-1,4.121875,0.0,0.1986502166661132,0.0172284190136455
No cultural selection on cognition,16,0.16,60,1500,1361610,0,-1,4.121875,0.0,0.2049210322599121,0.0151849239247594
No cultural selection on cognition,16,0.16,60,1500,1361611,0,168,10.165625,0.284375,0.2029499156232668,0.3278796768087661
No cultural selection on cognition,16,0.16,60,1500,1361612,0,-1,4.0,0.0,0.172598389203663,0.0146518462793832
No cultural selection on cognition,16,0.16,60,1500,1361613,0,-1,4.146875,0.0,0.2143637554792427,0.0163014075082346
No cultural selection on cognition,16,0.16,60,1500,1361614,0,-1,4.15,0.0,0.1768184710044766,0.0160615466285438
No cultural selection on cognition,16,0.16,60,1500,1361615,0,-1,4.34375,0.0,0.2190305843468928,0.0186990262540631
No cultural selection on cognition,16,0.16,60,1500,1361616,0,-1,4.11875,0.0,0.1923482129224534,0.0160770333265609
No cultural selection on cognition,16,0.16,60,1500,1361617,1,146,22.084375,0.825,0.1952140316785086,0.9910217211352738
No cultural selection on cognition,16,0.16,60,1500,1361618,1,155,22.953125,0.878125,0.2299342718722629,0.9927390689483552
No cultural selection on cognition,16,0.16,60,1500,1361619,0,175,10.7375,0.328125,0.221088049912966,0.3842917180104209
No cultural selection on cognition,16,0.16,60,1500,1361620,1,163,21.490625,0.825,0.2061912166647578,0.9317410482817238
No cultural selection on cognition,16,0.16,60,1500,1361621,0,-1,4.534375,0.0,0.2429271538523253,0.019596989724498
No cultural selection on cognition,16,0.16,60,1500,1361622,0,-1,4.0375,0.0,0.1996653351276993,0.0158827768622257
No cultural selection on cognition,16,0.16,60,1500,1361623,0,-1,4.090625,0.0,0.2032396357877458,0.0162815064099961
No cultural selection on cognition,16,0.16,60,1500,1361624,0,-1,4.015625,0.0,0.1666578810615293,0.0144581431414267
No cultural selection on cognition,16,0.16,60,1500,1361625,1,145,22.921875,0.896875,0.2244629395528533,0.9923215557252608
No cultural selection on cognition,16,0.16,60,1500,1361626,0,-1,4.2,0.0,0.2165467310664473,0.0155521093865631
No cultural selection on cognition,16,0.16,60,1500,1361627,0,-1,4.0875,0.0,0.218973895576138,0.015988535668292
No cultural selection on cognition,16,0.16,60,1500,1361628,0,-1,4.134375,0.0,0.1890739842334535,0.0152375237351824
No cultural selection on cognition,16,0.16,60,1500,1361629,0,-1,4.3125,0.0,0.2136451470786204,0.0163321723008622
No cultural selection on cognition,16,0.16,60,1500,1361630,0,169,6.06875,0.090625,0.2167426804293278,0.1391138123226315
No cultural selection on cognition,16,0.16,60,1500,1361631,1,152,23.003125,0.91875,0.2144178274305971,0.992252049095912
No cultural selection on cognition,16,0.16,60,1500,1361632,0,-1,4.209375,0.0,0.2240539029508024,0.0170927821715856
No cultural selection on cognition,16,0.16,60,1500,1361633,0,-1,4.046875,0.0,0.1793705689782335,0.0152048196196807
No cultural selection on cognition,16,0.16,60,1500,1361634,0,-1,4.084375,0.0,0.1960231366213098,0.0152020408853854
No cultural selection on cognition,16,0.16,60,1500,1361635,0,-1,4.03125,0.0,0.2074698493645031,0.0170456650004315
No cultural selection on cognition,16,0.16,60,1500,1361636,1,147,22.25625,0.846875,0.205021838245635,0.992149432199266
No cultural selection on cognition,16,0.16,60,1500,1361637,0,-1,4.20625,0.0,0.1861507280143299,0.0152792033229144
No cultural selection on cognition,16,0.16,60,1500,1361638,0,-1,4.221875,0.0,0.2196417611735185,0.0164879469355791
No cultural selection on cognition,16,0.16,60,1500,1361639,0,-1,4.390625,0.0,0.2244818570042434,0.0186101792049279
No cultural selection on cognition,16,0.16,60,1500,1361640,0,-1,4.2625,0.0,0.235998207071599,0.0170383726790442
No cultural selection on cognition,16,0.16,60,1500,1361641,0,171,7.321875,0.153125,0.1976121709553032,0.2038379692722959
No cultural selection on cognition,16,0.16,60,1500,1361642,1,131,22.025,0.84375,0.1933418074404569,0.9918146436321033
No cultural selection on cognition,16,0.16,60,1500,1361643,0,-1,4.1875,0.0,0.1928003634725619,0.0160944117404791
No cultural selection on cognition,16,0.16,60,1500,1361644,1,139,22.615625,0.88125,0.213361369296986,0.9916568075565896
No cultural selection on cognition,16,0.16,60,1500,1361645,0,-1,3.946875,0.0,0.1953856651010356,0.0149756267121795
No cultural selection on cognition,16,0.16,60,1500,1361646,0,165,7.415625,0.1375,0.2333475091330299,0.1994062164854494
No cultural selection on cognition,16,0.16,60,1500,1361647,0,-1,4.1875,0.0,0.1898711896672145,0.0162140618754296
No cultural selection on cognition,16,0.16,60,1500,1361648,0,-1,4.34375,0.0,0.2078492652563137,0.0267859902862679
No cultural selection on cognition,16,0.16,60,1500,1361649,0,164,6.80625,0.15625,0.1897648406446585,0.1952058102902303
No cultural selection on cognition,16,0.03,80,2000,1380300,0,-1,4.34375,0.0,0.2162483386286048,0.0172286613406775
No cultural selection on cognition,16,0.03,80,2000,1380301,0,-1,4.078125,0.0,0.1976873700553012,0.0149993170230289
No cultural selection on cognition,16,0.03,80,2000,1380302,0,183,5.240625,0.05625,0.2190559323457562,0.0775312281138202
No cultural selection on cognition,16,0.03,80,2000,1380303,0,-1,4.034375,0.0,0.1811444288067053,0.0159064194262227
No cultural selection on cognition,16,0.03,80,2000,1380304,0,-1,4.340625,0.0,0.2097447155558194,0.025985654437996
No cultural selection on cognition,16,0.03,80,2000,1380305,0,-1,3.915625,0.0,0.1834160333682764,0.0145383467573577
No cultural selection on cognition,16,0.03,80,2000,1380306,0,-1,4.09375,0.0,0.1868561435475292,0.016556734214799
No cultural selection on cognition,16,0.03,80,2000,1380307,0,-1,4.578125,0.0,0.2401006610263885,0.0246436246086309
No cultural selection on cognition,16,0.03,80,2000,1380308,0,-1,4.1875,0.0,0.1886210107637957,0.0159226537689369
No cultural selection on cognition,16,0.03,80,2000,1380309,0,-1,3.996875,0.0,0.2118207405873091,0.0151664268947772
No cultural selection on cognition,16,0.03,80,2000,1380310,0,-1,4.21875,0.0,0.2095309616149018,0.016796411192428
No cultural selection on cognition,16,0.03,80,2000,1380311,0,-1,4.371875,0.0,0.2247059882764754,0.0168173791972196
No cultural selection on cognition,16,0.03,80,2000,1380312,0,-1,3.94375,0.0,0.1751442909403913,0.0155961315291444
No cultural selection on cognition,16,0.03,80,2000,1380313,0,-1,4.159375,0.0,0.2060293735700333,0.0175830526334614
No cultural selection on cognition,16,0.03,80,2000,1380314,0,-1,4.19375,0.0,0.1965717945213273,0.0164418173842679
No cultural selection on cognition,16,0.03,80,2000,1380315,0,-1,4.26875,0.0,0.2111438866208924,0.0168659812952473
No cultural selection on cognition,16,0.03,80,2000,1380316,0,-1,4.01875,0.0,0.1836611979340902,0.0147202941312783
No cultural selection on cognition,16,0.03,80,2000,1380317,0,-1,4.028125,0.0,0.1794599605744926,0.0161176729442593
No cultural selection on cognition,16,0.03,80,2000,1380318,0,-1,4.334375,0.0,0.2134434559127866,0.0170589745003335
No cultural selection on cognition,16,0.03,80,2000,1380319,0,-1,4.253125,0.0,0.2007588655076648,0.0186000020520119
No cultural selection on cognition,16,0.03,80,2000,1380320,0,-1,3.99375,0.0,0.1940182782900036,0.015843315447983
No cultural selection on cognition,16,0.03,80,2000,1380321,0,-1,4.28125,0.0,0.2146317584001859,0.0180286365676376
No cultural selection on cognition,16,0.03,80,2000,1380322,0,-1,4.00625,0.0,0.1892448977065419,0.0151762389039283
No cultural selection on cognition,16,0.03,80,2000,1380323,0,-1,3.85,0.0,0.161465559451881,0.0141444876590533
No cultural selection on cognition,16,0.03,80,2000,1380324,0,-1,4.2625,0.0,0.2055015935043975,0.0170521469348877
No cultural selection on cognition,16,0.03,80,2000,1380325,0,-1,4.209375,0.0,0.2121833018610336,0.016961407452131
No cultural selection on cognition,16,0.03,80,2000,1380326,0,-1,4.128125,0.0,0.184189357338092,0.0161109336180695
No cultural selection on cognition,16,0.03,80,2000,1380327,0,-1,4.228125,0.0,0.1969413141152875,0.016253397711039
No cultural selection on cognition,16,0.03,80,2000,1380328,0,206,7.15,0.184375,0.2113300335229511,0.1983523835927511
No cultural selection on cognition,16,0.03,80,2000,1380329,0,-1,4.1875,0.0,0.2128138710832322,0.0163918080820003
No cultural selection on cognition,16,0.03,80,2000,1380330,0,168,9.496875,0.234375,0.2369337121156921,0.2646177786737032
No cultural selection on cognition,16,0.03,80,2000,1380331,0,-1,4.1,0.0,0.1962779366715994,0.0155114784240748
No cultural selection on cognition,16,0.03,80,2000,1380332,0,-1,4.2375,0.0,0.2027868863560487,0.0161804161009868
No cultural selection on cognition,16,0.03,80,2000,1380333,0,-1,4.49375,0.0,0.2365168314087797,0.0200651572283685
No cultural selection on cognition,16,0.03,80,2000,1380334,0,264,5.35625,0.05625,0.2055173267592083,0.0778367721500871
No cultural selection on cognition,16,0.03,80,2000,1380335,0,164,9.684375,0.278125,0.2489057457151929,0.321857811146979
No cultural selection on cognition,16,0.03,80,2000,1380336,0,-1,4.18125,0.0,0.1833694287943938,0.0154244564167905
No cultural selection on cognition,16,0.03,80,2000,1380337,0,-1,4.4,0.0,0.2352520641495156,0.0172782803075278
No cultural selection on cognition,16,0.03,80,2000,1380338,0,-1,4.315625,0.0,0.2260379322257625,0.0193792942074807
No cultural selection on cognition,16,0.03,80,2000,1380339,0,-1,4.68125,0.0,0.2135600356008691,0.0306883291965631
No cultural selection on cognition,16,0.03,80,2000,1380340,0,-1,4.46875,0.0,0.2344526614765751,0.0172434952600557
No cultural selection on cognition,16,0.03,80,2000,1380341,0,-1,4.315625,0.0,0.2185349302160531,0.0234018936807557
No cultural selection on cognition,16,0.03,80,2000,1380342,0,-1,4.49375,0.0,0.2294551687133004,0.0226020088312705
No cultural selection on cognition,16,0.03,80,2000,1380343,0,-1,3.978125,0.0,0.1678712449756095,0.0153424467128805
No cultural selection on cognition,16,0.03,80,2000,1380344,0,-1,4.053125,0.0,0.1860994326939944,0.015464663595568
No cultural selection on cognition,16,0.03,80,2000,1380345,0,-1,4.240625,0.0,0.2356724037830829,0.0161845547005372
No cultural selection on cognition,16,0.03,80,2000,1380346,0,-1,5.34375,0.053125,0.251452373397796,0.0816318377179686
No cultural selection on cognition,16,0.03,80,2000,1380347,0,-1,4.134375,0.0,0.2042627274373965,0.0151962931826171
No cultural selection on cognition,16,0.03,80,2000,1380348,0,-1,4.49375,0.0,0.2209222027504601,0.0212578208056299
No cultural selection on cognition,16,0.03,80,2000,1380349,0,208,4.09375,0.0,0.2075959446477005,0.0164689519329101
No cultural selection on cognition,16,0.06,80,2000,1380600,0,-1,4.121875,0.0,0.1936632917863012,0.0163741474312069
No cultural selection on cognition,16,0.06,80,2000,1380601,0,166,7.525,0.18125,0.2086538795858069,0.1995703046775529
No cultural selection on cognition,16,0.06,80,2000,1380602,0,-1,4.075,0.0,0.1815306787436139,0.0160009803530269
No cultural selection on cognition,16,0.06,80,2000,1380603,0,185,5.878125,0.06875,0.1777751913768643,0.1327576422443315
No cultural selection on cognition,16,0.06,80,2000,1380604,0,174,6.025,0.096875,0.1931765647127703,0.137996785497893
No cultural selection on cognition,16,0.06,80,2000,1380605,0,-1,4.121875,0.0,0.2059757166653299,0.0148390416872809
No cultural selection on cognition,16,0.06,80,2000,1380606,0,-1,3.99375,0.0,0.1878659560244854,0.015006414889852
No cultural selection on cognition,16,0.06,80,2000,1380607,0,-1,4.55,0.0,0.2656321824677023,0.0196132757294357
No cultural selection on cognition,16,0.06,80,2000,1380608,0,186,5.090625,0.04375,0.1973201645619541,0.0752111772804598
No cultural selection on cognition,16,0.06,80,2000,1380609,0,187,6.209375,0.090625,0.2329661999847593,0.1408651842970864
No cultural selection on cognition,16,0.06,80,2000,1380610,0,-1,5.28125,0.04375,0.2311305536528084,0.0763923035948231
No cultural selection on cognition,16,0.06,80,2000,1380611,0,-1,4.059375,0.0,0.1888885363269961,0.0155179205037756
No cultural selection on cognition,16,0.06,80,2000,1380612,0,-1,4.4,0.0,0.2231150736613104,0.0271025780876854
No cultural selection on cognition,16,0.06,80,2000,1380613,0,-1,4.325,0.0,0.2115532657689996,0.0169170340890829
No cultural selection on cognition,16,0.06,80,2000,1380614,0,-1,4.03125,0.0,0.2175385199807205,0.0201479696702264
No cultural selection on cognition,16,0.06,80,2000,1380615,0,-1,4.234375,0.0,0.214479649466784,0.0174572438849472
No cultural selection on cognition,16,0.06,80,2000,1380616,0,-1,4.325,0.0,0.1994681669316615,0.0167201684783839
No cultural selection on cognition,16,0.06,80,2000,1380617,0,-1,4.1875,0.0,0.2239989876101343,0.0161428747548843
No cultural selection on cognition,16,0.06,80,2000,1380618,0,-1,4.584375,0.0,0.265023775889606,0.0231615786319098
No cultural selection on cognition,16,0.06,80,2000,1380619,0,147,12.6625,0.403125,0.2395222011858107,0.4472417934490496
No cultural selection on cognition,16,0.06,80,2000,1380620,0,166,12.690625,0.3875,0.2166631787720867,0.4438151998681504
No cultural selection on cognition,16,0.06,80,2000,1380621,0,-1,4.23125,0.0,0.1994894840569022,0.0170340330964264
No cultural selection on cognition,16,0.06,80,2000,1380622,0,173,7.409375,0.165625,0.211470829930602,0.2005573993038885
No cultural selection on cognition,16,0.06,80,2000,1380623,0,153,8.828125,0.2375,0.2258373133662536,0.2645050585983933
No cultural selection on cognition,16,0.06,80,2000,1380624,0,-1,4.103125,0.0,0.1914641062532322,0.0151940803100043
No cultural selection on cognition,16,0.06,80,2000,1380625,0,202,4.14375,0.0,0.2134429789263153,0.0159655982022684
No cultural selection on cognition,16,0.06,80,2000,1380626,0,188,11.0625,0.359375,0.2263416546701257,0.4386870446461676
No cultural selection on cognition,16,0.06,80,2000,1380627,0,-1,4.2375,0.0,0.2244922167780481,0.0166628680306098
No cultural selection on cognition,16,0.06,80,2000,1380628,0,-1,3.965625,0.0,0.1870867268976414,0.0156725838621774
No cultural selection on cognition,16,0.06,80,2000,1380629,0,185,8.1,0.20625,0.1978436811173476,0.2589936569408804
No cultural selection on cognition,16,0.06,80,2000,1380630,0,147,15.340625,0.575,0.2108571218205788,0.6260490615628007
No cultural selection on cognition,16,0.06,80,2000,1380631,0,-1,4.240625,0.0,0.2175355726360952,0.0189931191588507
No cultural selection on cognition,16,0.06,80,2000,1380632,0,-1,3.93125,0.0,0.1802311231637642,0.0138471433844296
No cultural selection on cognition,16,0.06,80,2000,1380633,0,162,16.903125,0.559375,0.2133490204918691,0.6878779545279128
No cultural selection on cognition,16,0.06,80,2000,1380634,0,-1,3.93125,0.0,0.1822508432693775,0.0159759789700786
No cultural selection on cognition,16,0.06,80,2000,1380635,0,-1,3.959375,0.0,0.1861829347457489,0.0148399898162335
No cultural selection on cognition,16,0.06,80,2000,1380636,0,-1,3.903125,0.0,0.2046371613877681,0.0152373847716469
No cultural selection on cognition,16,0.06,80,2000,1380637,0,-1,4.165625,0.0,0.223518515708803,0.0156986904974028
No cultural selection on cognition,16,0.06,80,2000,1380638,0,-1,4.228125,0.0,0.2029397124424377,0.0165367530322407
No cultural selection on cognition,16,0.06,80,2000,1380639,0,156,15.471875,0.503125,0.2471642134134203,0.567348414478046
No cultural selection on cognition,16,0.06,80,2000,1380640,0,166,6.959375,0.1375,0.1901013534752999,0.1981763056046953
No cultural selection on cognition,16,0.06,80,2000,1380641,0,-1,4.228125,0.0,0.228958941879599,0.0176543285199296
No cultural selection on cognition,16,0.06,80,2000,1380642,0,164,8.075,0.203125,0.2311126636808461,0.2611055004601628
No cultural selection on cognition,16,0.06,80,2000,1380643,0,-1,4.421875,0.0,0.2401954077975955,0.0172685914775142
No cultural selection on cognition,16,0.06,80,2000,1380644,0,160,14.5875,0.509375,0.2010898827256408,0.5687443264649398
No cultural selection on cognition,16,0.06,80,2000,1380645,0,-1,4.359375,0.0,0.2371054589920923,0.0208375975732983
No cultural selection on cognition,16,0.06,80,2000,1380646,0,161,16.378125,0.571875,0.1894857856967874,0.6878116761507872
No cultural selection on cognition,16,0.06,80,2000,1380647,0,183,7.196875,0.15,0.2007037839750203,0.198390303569918
No cultural selection on cognition,16,0.06,80,2000,1380648,0,-1,4.134375,0.0,0.1839348702780021,0.0164187899547527
No cultural selection on cognition,16,0.06,80,2000,1380649,0,-1,4.21875,0.0,0.2105474136745299,0.0176726285898963
No cultural selection on cognition,16,0.1,80,2000,1381000,0,-1,4.146875,0.0,0.1996023652366257,0.0177373276409902
No cultural selection on cognition,16,0.1,80,2000,1381001,0,-1,4.290625,0.0,0.2175596479837049,0.0167105380919649
No cultural selection on cognition,16,0.1,80,2000,1381002,0,169,11.615625,0.375,0.2076843384036442,0.4401300289890553
No cultural selection on cognition,16,0.1,80,2000,1381003,0,-1,4.553125,0.0,0.2017128573798393,0.0447641926992495
No cultural selection on cognition,16,0.1,80,2000,1381004,0,-1,4.29375,0.0,0.2146442929924127,0.019820419118018
No cultural selection on cognition,16,0.1,80,2000,1381005,0,-1,4.259375,0.0,0.1990462298759801,0.0180243150124167
No cultural selection on cognition,16,0.1,80,2000,1381006,0,-1,4.2625,0.0,0.2228440747149162,0.0162253048376281
No cultural selection on cognition,16,0.1,80,2000,1381007,1,150,22.5625,0.84375,0.2200070654276958,0.992889478229056
No cultural selection on cognition,16,0.1,80,2000,1381008,0,173,7.16875,0.140625,0.217791785592861,0.2006863700230932
No cultural selection on cognition,16,0.1,80,2000,1381009,0,159,11.490625,0.3625,0.2082680567058136,0.441291935220887
No cultural selection on cognition,16,0.1,80,2000,1381010,0,-1,4.153125,0.0,0.1945345853301836,0.0160526246102511
No cultural selection on cognition,16,0.1,80,2000,1381011,0,-1,4.046875,0.0,0.191663355455517,0.0157473536709449
No cultural selection on cognition,16,0.1,80,2000,1381012,0,198,6.471875,0.115625,0.2297100263277241,0.1448439349094602
No cultural selection on cognition,16,0.1,80,2000,1381013,0,138,15.421875,0.528125,0.1904828126155691,0.6276057704640917
No cultural selection on cognition,16,0.1,80,2000,1381014,1,144,21.78125,0.784375,0.1821382870235944,0.9912132663508962
No cultural selection on cognition,16,0.1,80,2000,1381015,0,-1,4.053125,0.0,0.2096597052371633,0.0148530887215791
No cultural selection on cognition,16,0.1,80,2000,1381016,0,-1,4.340625,0.0,0.2285755439404822,0.018859806119964
No cultural selection on cognition,16,0.1,80,2000,1381017,0,-1,4.121875,0.0,0.2036343214849614,0.0158406864033749
No cultural selection on cognition,16,0.1,80,2000,1381018,1,159,19.45,0.696875,0.1904603639144982,0.8691140506851316
No cultural selection on cognition,16,0.1,80,2000,1381019,0,175,8.271875,0.209375,0.2051358503016619,0.2594518209285103
No cultural selection on cognition,16,0.1,80,2000,1381020,1,162,18.46875,0.675,0.2267083879761794,0.7521941907305449
No cultural selection on cognition,16,0.1,80,2000,1381021,0,190,6.8875,0.159375,0.1757975741556687,0.1976498530668731
No cultural selection on cognition,16,0.1,80,2000,1381022,0,197,7.934375,0.2,0.1812128987650639,0.2567729512832222
No cultural selection on cognition,16,0.1,80,2000,1381023,0,-1,4.1625,0.0,0.2140392013194768,0.0169304440131815
No cultural selection on cognition,16,0.1,80,2000,1381024,0,-1,4.4,0.0,0.2123623813427829,0.0185511479344876
No cultural selection on cognition,16,0.1,80,2000,1381025,0,-1,4.303125,0.0,0.2131799152104251,0.0164072176069139
No cultural selection on cognition,16,0.1,80,2000,1381026,0,-1,4.16875,0.0,0.1874056685081919,0.0162246721558677
No cultural selection on cognition,16,0.1,80,2000,1381027,0,192,10.403125,0.315625,0.2432889304399169,0.3814677560756019
No cultural selection on cognition,16,0.1,80,2000,1381028,0,-1,4.0625,0.0,0.1998065200039082,0.0156864053360712
No cultural selection on cognition,16,0.1,80,2000,1381029,0,-1,4.025,0.0,0.1821497887466794,0.0151768033696185
No cultural selection on cognition,16,0.1,80,2000,1381030,0,163,5.896875,0.075,0.203384938698194,0.1343327746200136
No cultural selection on cognition,16,0.1,80,2000,1381031,0,-1,4.13125,0.0,0.2102282356880762,0.0176596159054673
No cultural selection on cognition,16,0.1,80,2000,1381032,0,161,7.128125,0.15625,0.200490181683043,0.1989257957719374
No cultural selection on cognition,16,0.1,80,2000,1381033,0,-1,3.9625,0.0,0.2052219635801739,0.0141518154495622
No cultural selection on cognition,16,0.1,80,2000,1381034,1,146,22.840625,0.86875,0.2143658040492402,0.99195533582661
No cultural selection on cognition,16,0.1,80,2000,1381035,0,164,13.921875,0.465625,0.2316126711299435,0.5102521855118292
No cultural selection on cognition,16,0.1,80,2000,1381036,0,165,10.596875,0.315625,0.1805187581295482,0.3818255503905907
No cultural selection on cognition,16,0.1,80,2000,1381037,0,-1,4.421875,0.0,0.2295695565106284,0.0171180834025457
No cultural selection on cognition,16,0.1,80,2000,1381038,0,183,6.15,0.1,0.2254507971344833,0.1398427513458102
No cultural selection on cognition,16,0.1,80,2000,1381039,1,157,18.621875,0.64375,0.1932023560880655,0.8149852282743576
No cultural selection on cognition,16,0.1,80,2000,1381040,0,196,5.421875,0.0375,0.1892004213626898,0.1295929030800411
No cultural selection on cognition,16,0.1,80,2000,1381041,0,-1,4.403125,0.0,0.2260527224140347,0.018444475855067
No cultural selection on cognition,16,0.1,80,2000,1381042,0,184,9.6375,0.2875,0.2122025591806377,0.3211834631158881
No cultural selection on cognition,16,0.1,80,2000,1381043,0,190,9.94375,0.259375,0.1901305745673014,0.3213596713511084
No cultural selection on cognition,16,0.1,80,2000,1381044,1,152,22.646875,0.884375,0.1990860945062806,0.9917964048068936
No cultural selection on cognition,16,0.1,80,2000,1381045,0,-1,4.04375,0.0,0.1849577121316019,0.015023585573376
No cultural selection on cognition,16,0.1,80,2000,1381046,0,210,5.784375,0.08125,0.1904948277904676,0.135367410884894
No cultural selection on cognition,16,0.1,80,2000,1381047,1,163,19.221875,0.7125,0.2085151708038558,0.808269779076209
No cultural selection on cognition,16,0.1,80,2000,1381048,0,190,6.625,0.134375,0.1745604340516761,0.1961681149688524
No cultural selection on cognition,16,0.1,80,2000,1381049,0,-1,4.175,0.0,0.2267439181229055,0.0174376529922555
No cultural selection on cognition,16,0.16,80,2000,1381600,1,176,21.890625,0.809375,0.1934769879888585,0.9918654166041934
No cultural selection on cognition,16,0.16,80,2000,1381601,0,-1,4.3625,0.0,0.2151201691081768,0.016796504897159
No cultural selection on cognition,16,0.16,80,2000,1381602,0,-1,4.153125,0.0,0.2224726522748199,0.0161692858700545
No cultural selection on cognition,16,0.16,80,2000,1381603,0,-1,4.43125,0.0,0.2077749686461723,0.0182823083339462
No cultural selection on cognition,16,0.16,80,2000,1381604,1,159,21.75625,0.825,0.1791822587477173,0.9911291851672086
No cultural selection on cognition,16,0.16,80,2000,1381605,1,173,22.984375,0.89375,0.2176239975468077,0.9926618828748136
No cultural selection on cognition,16,0.16,80,2000,1381606,0,-1,4.29375,0.0,0.2060929750170748,0.0154265612519433
No cultural selection on cognition,16,0.16,80,2000,1381607,0,-1,4.1875,0.0,0.19599501920511,0.0158855172620936
No cultural selection on cognition,16,0.16,80,2000,1381608,0,-1,3.915625,0.0,0.1886200010019705,0.0154781339081681
No cultural selection on cognition,16,0.16,80,2000,1381609,0,-1,4.140625,0.0,0.1943246795206173,0.0148535830321046
No cultural selection on cognition,16,0.16,80,2000,1381610,1,159,21.965625,0.865625,0.1903161069440382,0.9912586053463974
No cultural selection on cognition,16,0.16,80,2000,1381611,0,-1,4.15,0.0,0.2285863980029493,0.0161587751818587
No cultural selection on cognition,16,0.16,80,2000,1381612,1,144,22.6375,0.865625,0.2200876200464957,0.9930589062088552
No cultural selection on cognition,16,0.16,80,2000,1381613,0,-1,4.246875,0.0,0.1952951880808542,0.0158378275701035
No cultural selection on cognition,16,0.16,80,2000,1381614,0,-1,4.275,0.0,0.2114978236022182,0.0175618744124181
No cultural selection on cognition,16,0.16,80,2000,1381615,0,-1,5.034375,0.03125,0.2070047944505597,0.0737966730562555
No cultural selection on cognition,16,0.16,80,2000,1381616,0,-1,4.18125,0.0,0.1864806271632028,0.0150542016388111
No cultural selection on cognition,16,0.16,80,2000,1381617,0,-1,3.95625,0.0,0.1821704595151848,0.0146005093946669
No cultural selection on cognition,16,0.16,80,2000,1381618,0,205,5.403125,0.053125,0.1980364406811547,0.0845460628098427
No cultural selection on cognition,16,0.16,80,2000,1381619,1,141,22.728125,0.85625,0.2263871501997925,0.9929987618611632
No cultural selection on cognition,16,0.16,80,2000,1381620,0,-1,4.2875,0.0,0.1998894535151239,0.0161482728510087
No cultural selection on cognition,16,0.16,80,2000,1381621,0,-1,4.359375,0.0,0.2225218160522097,0.0191860555926031
No cultural selection on cognition,16,0.16,80,2000,1381622,1,142,22.64375,0.871875,0.2209956597535693,0.9924214426173764
No cultural selection on cognition,16,0.16,80,2000,1381623,0,-1,4.24375,0.0,0.2156356691385994,0.0155104434749109
No cultural selection on cognition,16,0.16,80,2000,1381624,1,143,22.75625,0.865625,0.2253224518949249,0.9927018901379716
No cultural selection on cognition,16,0.16,80,2000,1381625,0,-1,3.996875,0.0,0.2050080674942792,0.0153639306746686
No cultural selection on cognition,16,0.16,80,2000,1381626,1,149,22.59375,0.865625,0.2121316883399099,0.9917942664277914
No cultural selection on cognition,16,0.16,80,2000,1381627,0,-1,4.721875,0.0,0.2979549564518779,0.0260951243189674
No cultural selection on cognition,16,0.16,80,2000,1381628,1,156,22.678125,0.859375,0.2101398388619053,0.992218561860331
No cultural selection on cognition,16,0.16,80,2000,1381629,0,-1,4.015625,0.0,0.1826660963620887,0.0145659517666824
No cultural selection on cognition,16,0.16,80,2000,1381630,0,-1,4.153125,0.0,0.210342240581798,0.0161078075610577
No cultural selection on cognition,16,0.16,80,2000,1381631,0,167,11.76875,0.353125,0.2017489032424524,0.4432821183521088
No cultural selection on cognition,16,0.16,80,2000,1381632,0,-1,4.29375,0.0,0.2023507581930285,0.0176919670044033
No cultural selection on cognition,16,0.16,80,2000,1381633,1,146,22.871875,0.865625,0.2209569098389048,0.993704496253157
No cultural selection on cognition,16,0.16,80,2000,1381634,0,-1,4.259375,0.0,0.2431734308387393,0.0175209525845458
No cultural selection on cognition,16,0.16,80,2000,1381635,0,195,11.14375,0.31875,0.2112943682937497,0.3838773279204002
No cultural selection on cognition,16,0.16,80,2000,1381636,0,-1,4.071875,0.0,0.183059560915955,0.0155451531143006
No cultural selection on cognition,16,0.16,80,2000,1381637,0,-1,4.078125,0.0,0.188492330977248,0.014948589837
No cultural selection on cognition,16,0.16,80,2000,1381638,0,-1,4.278125,0.0,0.1973032737886602,0.0169508936422808
No cultural selection on cognition,16,0.16,80,2000,1381639,0,202,5.909375,0.084375,0.1954001519086075,0.1382627926659466
No cultural selection on cognition,16,0.16,80,2000,1381640,0,-1,4.128125,0.0,0.1919873100428669,0.016277236568207
No cultural selection on cognition,16,0.16,80,2000,1381641,0,-1,4.43125,0.0,0.2010035601425945,0.0208856893459816
No cultural selection on cognition,16,0.16,80,2000,1381642,0,-1,4.265625,0.0,0.2154207303231021,0.017450691291542
No cultural selection on cognition,16,0.16,80,2000,1381643,1,177,20.753125,0.775,0.2390906943947304,0.8720584396550144
No cultural selection on cognition,16,0.16,80,2000,1381644,1,178,21.590625,0.8125,0.1820612467216154,0.9912517282844382
No cultural selection on cognition,16,0.16,80,2000,1381645,0,-1,4.125,0.0,0.2182353983529975,0.0166865008097599
No cultural selection on cognition,16,0.16,80,2000,1381646,0,-1,4.221875,0.0,0.2060531863826065,0.0161440478337429
No cultural selection on cognition,16,0.16,80,2000,1381647,0,-1,4.178125,0.0,0.2145866976162306,0.0159592824438539
No cultural selection on cognition,16,0.16,80,2000,1381648,0,-1,4.01875,0.0,0.1935100816403502,0.0152405841821313
No cultural selection on cognition,16,0.16,80,2000,1381649,0,-1,4.8875,0.01875,0.202959468003737,0.0733559006962372
No infrastructure feedback,32,0.03,40,1000,1440300,0,-1,4.35,0.0,0.2587897790394989,0.0
No infrastructure feedback,32,0.03,40,1000,1440301,0,-1,4.84375,0.0,0.2980295573873499,0.0
No infrastructure feedback,32,0.03,40,1000,1440302,0,-1,4.603125,0.0,0.2982791614525936,0.0
No infrastructure feedback,32,0.03,40,1000,1440303,0,-1,4.509375,0.0,0.2906020335099357,0.0
No infrastructure feedback,32,0.03,40,1000,1440304,0,-1,4.65625,0.0,0.2694790290278378,0.0
No infrastructure feedback,32,0.03,40,1000,1440305,0,-1,4.390625,0.0,0.2421012117060172,0.0
No infrastructure feedback,32,0.03,40,1000,1440306,0,-1,4.55,0.0,0.2450188171523965,0.0
No infrastructure feedback,32,0.03,40,1000,1440307,0,-1,4.359375,0.0,0.2433534451558622,0.0
No infrastructure feedback,32,0.03,40,1000,1440308,0,-1,5.16875,0.0,0.2894563834123723,0.0
No infrastructure feedback,32,0.03,40,1000,1440309,0,-1,4.884375,0.0,0.3083139336778729,0.0
No infrastructure feedback,32,0.03,40,1000,1440310,0,-1,5.55,0.0,0.3352591454333176,0.0
No infrastructure feedback,32,0.03,40,1000,1440311,0,-1,4.165625,0.0,0.200836507491137,0.0
No infrastructure feedback,32,0.03,40,1000,1440312,0,-1,4.71875,0.0,0.2835861564064572,0.0
No infrastructure feedback,32,0.03,40,1000,1440313,0,-1,4.56875,0.0,0.2674564219847862,0.0
No infrastructure feedback,32,0.03,40,1000,1440314,0,-1,4.5875,0.0,0.2645740578591162,0.0
No infrastructure feedback,32,0.03,40,1000,1440315,0,-1,4.803125,0.0,0.3045351389975592,0.0
No infrastructure feedback,32,0.03,40,1000,1440316,0,-1,4.296875,0.0,0.2214549174507248,0.0
No infrastructure feedback,32,0.03,40,1000,1440317,0,-1,4.634375,0.0,0.2780096919805909,0.0
No infrastructure feedback,32,0.03,40,1000,1440318,0,-1,4.6375,0.0,0.2516763689398781,0.0
No infrastructure feedback,32,0.03,40,1000,1440319,0,-1,4.46875,0.0,0.2443936789655137,0.0
No infrastructure feedback,32,0.03,40,1000,1440320,0,-1,4.86875,0.0,0.292327458348264,0.0
No infrastructure feedback,32,0.03,40,1000,1440321,0,-1,4.528125,0.0,0.2894302712700596,0.0
No infrastructure feedback,32,0.03,40,1000,1440322,0,-1,5.103125,0.0,0.3113563581583204,0.0
No infrastructure feedback,32,0.03,40,1000,1440323,0,-1,5.959375,0.015625,0.3726623963037069,0.0
No infrastructure feedback,32,0.03,40,1000,1440324,0,-1,4.684375,0.0,0.2829731617355263,0.0
No infrastructure feedback,32,0.03,40,1000,1440325,0,-1,5.75625,0.0,0.3470177288889587,0.0
No infrastructure feedback,32,0.03,40,1000,1440326,0,-1,4.7375,0.0,0.3110107320145219,0.0
No infrastructure feedback,32,0.03,40,1000,1440327,0,-1,4.371875,0.0,0.2693454123355438,0.0
No infrastructure feedback,32,0.03,40,1000,1440328,0,-1,4.578125,0.0,0.2649034172889598,0.0
No infrastructure feedback,32,0.03,40,1000,1440329,0,-1,4.2875,0.0,0.2025732475006121,0.0
No infrastructure feedback,32,0.03,40,1000,1440330,0,-1,4.7125,0.0,0.2799904986582815,0.0
No infrastructure feedback,32,0.03,40,1000,1440331,0,-1,4.60625,0.0,0.277490347154832,0.0
No infrastructure feedback,32,0.03,40,1000,1440332,0,-1,4.86875,0.0,0.2791012254444417,0.0
No infrastructure feedback,32,0.03,40,1000,1440333,0,-1,4.775,0.0,0.2772291870899851,0.0
No infrastructure feedback,32,0.03,40,1000,1440334,0,-1,4.565625,0.0,0.2715534254410913,0.0
No infrastructure feedback,32,0.03,40,1000,1440335,0,-1,5.2,0.0,0.3332813688895333,0.0
No infrastructure feedback,32,0.03,40,1000,1440336,0,-1,4.35625,0.0,0.2657985855628295,0.0
No infrastructure feedback,32,0.03,40,1000,1440337,0,-1,4.66875,0.0,0.2637189980595117,0.0
No infrastructure feedback,32,0.03,40,1000,1440338,0,-1,4.165625,0.0,0.2378310360837273,0.0
No infrastructure feedback,32,0.03,40,1000,1440339,0,-1,4.646875,0.0,0.2589665286074675,0.0
No infrastructure feedback,32,0.03,40,1000,1440340,0,-1,4.8625,0.0,0.2699084325680752,0.0
No infrastructure feedback,32,0.03,40,1000,1440341,0,-1,4.65625,0.0,0.2474544939640937,0.0
No infrastructure feedback,32,0.03,40,1000,1440342,0,-1,5.225,0.0,0.3054864763275822,0.0
No infrastructure feedback,32,0.03,40,1000,1440343,0,-1,4.7875,0.0,0.2740433516157036,0.0
No infrastructure feedback,32,0.03,40,1000,1440344,0,-1,5.2375,0.0,0.3056881061371813,0.0
No infrastructure feedback,32,0.03,40,1000,1440345,0,-1,4.575,0.0,0.2551974345681663,0.0
No infrastructure feedback,32,0.03,40,1000,1440346,0,-1,4.7,0.0,0.2623583285788866,0.0
No infrastructure feedback,32,0.03,40,1000,1440347,0,-1,5.021875,0.009375,0.3032994965717113,0.0
No infrastructure feedback,32,0.03,40,1000,1440348,0,-1,4.821875,0.0,0.3019987841435013,0.0
No infrastructure feedback,32,0.03,40,1000,1440349,0,-1,4.909375,0.0,0.2723999183676985,0.0
No infrastructure feedback,32,0.06,40,1000,1440600,0,-1,4.784375,0.0,0.2938886230828298,0.0
No infrastructure feedback,32,0.06,40,1000,1440601,0,-1,5.315625,0.0,0.3119098281635497,0.0
No infrastructure feedback,32,0.06,40,1000,1440602,0,-1,4.509375,0.0,0.2437379989790487,0.0
No infrastructure feedback,32,0.06,40,1000,1440603,0,-1,4.66875,0.0,0.2712956750110544,0.0
No infrastructure feedback,32,0.06,40,1000,1440604,0,-1,4.74375,0.0,0.2823441022819785,0.0
No infrastructure feedback,32,0.06,40,1000,1440605,0,-1,5.225,0.0,0.3135994446741671,0.0
No infrastructure feedback,32,0.06,40,1000,1440606,0,-1,5.225,0.0,0.3104394519409689,0.0
No infrastructure feedback,32,0.06,40,1000,1440607,0,-1,5.2625,0.0,0.3290245440552015,0.0
No infrastructure feedback,32,0.06,40,1000,1440608,0,-1,5.16875,0.0,0.3052170771441039,0.0
No infrastructure feedback,32,0.06,40,1000,1440609,0,-1,4.584375,0.0,0.2568008499461401,0.0
No infrastructure feedback,32,0.06,40,1000,1440610,0,-1,4.703125,0.0,0.2858390550726295,0.0
No infrastructure feedback,32,0.06,40,1000,1440611,0,-1,5.134375,0.0,0.2894913273262351,0.0
No infrastructure feedback,32,0.06,40,1000,1440612,0,-1,4.25625,0.0,0.2216374038183994,0.0
No infrastructure feedback,32,0.06,40,1000,1440613,0,-1,4.71875,0.0,0.3029223104123138,0.0
No infrastructure feedback,32,0.06,40,1000,1440614,0,-1,4.821875,0.0,0.3021531088110528,0.0
No infrastructure feedback,32,0.06,40,1000,1440615,0,-1,4.840625,0.0,0.2748689717824074,0.0
No infrastructure feedback,32,0.06,40,1000,1440616,0,-1,4.63125,0.0,0.2533439214823263,0.0
No infrastructure feedback,32,0.06,40,1000,1440617,0,-1,5.134375,0.0,0.3135409229759848,0.0
No infrastructure feedback,32,0.06,40,1000,1440618,0,-1,4.44375,0.0,0.2665823839236135,0.0
No infrastructure feedback,32,0.06,40,1000,1440619,0,-1,4.840625,0.0,0.3073902064091997,0.0
No infrastructure feedback,32,0.06,40,1000,1440620,0,-1,5.33125,0.0,0.3422796089015428,0.0
No infrastructure feedback,32,0.06,40,1000,1440621,0,-1,4.934375,0.0,0.331977725801293,0.0
No infrastructure feedback,32,0.06,40,1000,1440622,0,-1,5.071875,0.0,0.3125652647627829,0.0
No infrastructure feedback,32,0.06,40,1000,1440623,0,-1,5.56875,0.0,0.3535491284672049,0.0
No infrastructure feedback,32,0.06,40,1000,1440624,0,-1,4.690625,0.0,0.2726710066399576,0.0
No infrastructure feedback,32,0.06,40,1000,1440625,0,-1,4.259375,0.0,0.2225288125909096,0.0
No infrastructure feedback,32,0.06,40,1000,1440626,0,-1,5.5625,0.0,0.3388675789219786,0.0
No infrastructure feedback,32,0.06,40,1000,1440627,0,-1,5.096875,0.0,0.3268926461022291,0.0
No infrastructure feedback,32,0.06,40,1000,1440628,0,-1,4.734375,0.0,0.3114660634914408,0.0
No infrastructure feedback,32,0.06,40,1000,1440629,0,-1,4.553125,0.0,0.2731276776318375,0.0
No infrastructure feedback,32,0.06,40,1000,1440630,0,-1,4.403125,0.0,0.244077226959575,0.0
No infrastructure feedback,32,0.06,40,1000,1440631,0,-1,4.596875,0.0,0.2702879386953675,0.0
No infrastructure feedback,32,0.06,40,1000,1440632,0,-1,4.565625,0.0,0.2852852562660292,0.0
No infrastructure feedback,32,0.06,40,1000,1440633,0,-1,4.375,0.0,0.2427436710010331,0.0
No infrastructure feedback,32,0.06,40,1000,1440634,0,-1,4.8875,0.0,0.2901046505162895,0.0
No infrastructure feedback,32,0.06,40,1000,1440635,0,-1,4.53125,0.0,0.2649277151288974,0.0
No infrastructure feedback,32,0.06,40,1000,1440636,0,-1,5.515625,0.0,0.327836853793824,0.0
No infrastructure feedback,32,0.06,40,1000,1440637,0,-1,5.26875,0.0,0.3318185673299089,0.0
No infrastructure feedback,32,0.06,40,1000,1440638,0,-1,4.30625,0.0,0.2455548695636446,0.0
No infrastructure feedback,32,0.06,40,1000,1440639,0,-1,4.784375,0.0,0.2864728405499638,0.0
No infrastructure feedback,32,0.06,40,1000,1440640,0,-1,4.75,0.0,0.278888584926858,0.0
No infrastructure feedback,32,0.06,40,1000,1440641,0,-1,5.484375,0.0,0.339720526615399,0.0
No infrastructure feedback,32,0.06,40,1000,1440642,0,-1,5.165625,0.0,0.3272658536740925,0.0
No infrastructure feedback,32,0.06,40,1000,1440643,0,-1,4.83125,0.0,0.2756522532386458,0.0
No infrastructure feedback,32,0.06,40,1000,1440644,0,-1,4.565625,0.0,0.2599166737866814,0.0
No infrastructure feedback,32,0.06,40,1000,1440645,0,-1,4.621875,0.0,0.2837631480489422,0.0
No infrastructure feedback,32,0.06,40,1000,1440646,0,-1,4.36875,0.0,0.2382910619675782,0.0
No infrastructure feedback,32,0.06,40,1000,1440647,0,-1,4.46875,0.0,0.2728189822188925,0.0
No infrastructure feedback,32,0.06,40,1000,1440648,0,-1,5.090625,0.0,0.3062162305472249,0.0
No infrastructure feedback,32,0.06,40,1000,1440649,0,-1,4.603125,0.0,0.2742433010012974,0.0
No infrastructure feedback,32,0.1,40,1000,1441000,0,-1,4.775,0.0,0.283702091114201,0.0
No infrastructure feedback,32,0.1,40,1000,1441001,0,-1,4.965625,0.0,0.3106827717593166,0.0
No infrastructure feedback,32,0.1,40,1000,1441002,0,-1,4.903125,0.0,0.295793909907912,0.0
No infrastructure feedback,32,0.1,40,1000,1441003,0,-1,5.1,0.0,0.2999145377148707,0.0
No infrastructure feedback,32,0.1,40,1000,1441004,0,-1,4.8625,0.0,0.2831952346099036,0.0
No infrastructure feedback,32,0.1,40,1000,1441005,0,-1,5.175,0.0,0.2955567152986252,0.0
No infrastructure feedback,32,0.1,40,1000,1441006,0,-1,5.290625,0.0,0.301139649876658,0.0
No infrastructure feedback,32,0.1,40,1000,1441007,0,-1,4.7875,0.0,0.2752235207174336,0.0
No infrastructure feedback,32,0.1,40,1000,1441008,0,-1,5.6875,0.053125,0.3192425458845704,0.0
No infrastructure feedback,32,0.1,40,1000,1441009,0,-1,4.684375,0.0,0.2755560880360089,0.0
No infrastructure feedback,32,0.1,40,1000,1441010,0,-1,5.60625,0.0,0.3298571799695145,0.0
No infrastructure feedback,32,0.1,40,1000,1441011,0,-1,5.025,0.0,0.2871172477310826,0.0
No infrastructure feedback,32,0.1,40,1000,1441012,0,-1,4.66875,0.0,0.274120999453787,0.0
No infrastructure feedback,32,0.1,40,1000,1441013,0,-1,4.725,0.0,0.2972456015596738,0.0
No infrastructure feedback,32,0.1,40,1000,1441014,0,-1,4.36875,0.0,0.2393808419136772,0.0
No infrastructure feedback,32,0.1,40,1000,1441015,0,-1,4.671875,0.0,0.2718732485408185,0.0
No infrastructure feedback,32,0.1,40,1000,1441016,0,-1,5.16875,0.0,0.3122922325762859,0.0
No infrastructure feedback,32,0.1,40,1000,1441017,0,-1,4.503125,0.0,0.2841528355783022,0.0
No infrastructure feedback,32,0.1,40,1000,1441018,0,-1,4.390625,0.0,0.2420402010704046,0.0
No infrastructure feedback,32,0.1,40,1000,1441019,0,-1,5.08125,0.0,0.2875300799648043,0.0
No infrastructure feedback,32,0.1,40,1000,1441020,0,-1,4.203125,0.0,0.2323635978602614,0.0
No infrastructure feedback,32,0.1,40,1000,1441021,0,-1,4.575,0.0,0.2652633718864817,0.0
No infrastructure feedback,32,0.1,40,1000,1441022,0,-1,4.84375,0.0,0.3089158295377034,0.0
No infrastructure feedback,32,0.1,40,1000,1441023,0,-1,4.890625,0.0,0.3051125045575987,0.0
No infrastructure feedback,32,0.1,40,1000,1441024,0,-1,5.58125,0.040625,0.3128473153574255,0.0
No infrastructure feedback,32,0.1,40,1000,1441025,0,-1,4.665625,0.0,0.2554655226633358,0.0
No infrastructure feedback,32,0.1,40,1000,1441026,0,-1,5.05,0.0,0.2943798414760307,0.0
No infrastructure feedback,32,0.1,40,1000,1441027,0,-1,5.5875,0.0,0.3402535395301984,0.0
No infrastructure feedback,32,0.1,40,1000,1441028,0,-1,4.98125,0.0,0.2923563564150771,0.0
No infrastructure feedback,32,0.1,40,1000,1441029,0,-1,4.15,0.0,0.2165644852963519,0.0
No infrastructure feedback,32,0.1,40,1000,1441030,0,-1,4.284375,0.0,0.2283340879405056,0.0
No infrastructure feedback,32,0.1,40,1000,1441031,0,-1,4.678125,0.0,0.251319697703021,0.0
No infrastructure feedback,32,0.1,40,1000,1441032,0,-1,4.575,0.0,0.2632565576960219,0.0
No infrastructure feedback,32,0.1,40,1000,1441033,0,-1,5.58125,0.00625,0.3401842594512825,0.0
No infrastructure feedback,32,0.1,40,1000,1441034,0,-1,4.25625,0.0,0.2545571738165874,0.0
No infrastructure feedback,32,0.1,40,1000,1441035,0,-1,4.45,0.0,0.2605892023317209,0.0
No infrastructure feedback,32,0.1,40,1000,1441036,0,-1,4.703125,0.0,0.2894771858019621,0.0
No infrastructure feedback,32,0.1,40,1000,1441037,0,-1,5.034375,0.0,0.3434423438555642,0.0
No infrastructure feedback,32,0.1,40,1000,1441038,0,-1,5.096875,0.0,0.2899876938222512,0.0
No infrastructure feedback,32,0.1,40,1000,1441039,0,-1,4.965625,0.0,0.2883243285727386,0.0
No infrastructure feedback,32,0.1,40,1000,1441040,0,-1,4.634375,0.0,0.2655264375894836,0.0
No infrastructure feedback,32,0.1,40,1000,1441041,0,-1,4.3625,0.0,0.2256435925581783,0.0
No infrastructure feedback,32,0.1,40,1000,1441042,0,-1,4.896875,0.0,0.281080694784583,0.0
No infrastructure feedback,32,0.1,40,1000,1441043,0,-1,4.459375,0.0,0.2617621960646976,0.0
No infrastructure feedback,32,0.1,40,1000,1441044,0,-1,4.459375,0.0,0.2521516692343484,0.0
No infrastructure feedback,32,0.1,40,1000,1441045,0,-1,4.659375,0.0,0.2846767239479998,0.0
No infrastructure feedback,32,0.1,40,1000,1441046,0,-1,4.75,0.0,0.2700693157037163,0.0
No infrastructure feedback,32,0.1,40,1000,1441047,0,-1,6.128125,0.0,0.3699376828798904,0.0
No infrastructure feedback,32,0.1,40,1000,1441048,0,-1,5.63125,0.0,0.3497989955930626,0.0
No infrastructure feedback,32,0.1,40,1000,1441049,0,-1,4.515625,0.0,0.2439721284453199,0.0
No infrastructure feedback,32,0.16,40,1000,1441600,0,-1,4.6,0.0,0.2594350591856285,0.0
No infrastructure feedback,32,0.16,40,1000,1441601,0,-1,4.40625,0.0,0.2645105044235017,0.0
No infrastructure feedback,32,0.16,40,1000,1441602,0,-1,4.4875,0.0,0.2516066404389311,0.0
No infrastructure feedback,32,0.16,40,1000,1441603,0,-1,4.9125,0.0,0.2728832199316621,0.0
No infrastructure feedback,32,0.16,40,1000,1441604,0,-1,5.365625,0.0,0.3294723464794807,0.0
No infrastructure feedback,32,0.16,40,1000,1441605,0,-1,4.675,0.0,0.2836666359032387,0.0
No infrastructure feedback,32,0.16,40,1000,1441606,0,-1,4.6125,0.0,0.2559998522910166,0.0
No infrastructure feedback,32,0.16,40,1000,1441607,0,-1,4.70625,0.0,0.3054127757903085,0.0
No infrastructure feedback,32,0.16,40,1000,1441608,0,-1,4.884375,0.0,0.2955007843460914,0.0
No infrastructure feedback,32,0.16,40,1000,1441609,0,-1,4.946875,0.0,0.2878237353610219,0.0
No infrastructure feedback,32,0.16,40,1000,1441610,0,-1,5.778125,0.0,0.3650938018019888,0.0
No infrastructure feedback,32,0.16,40,1000,1441611,0,-1,4.7,0.0,0.2706089762919562,0.0
No infrastructure feedback,32,0.16,40,1000,1441612,0,-1,5.053125,0.0,0.3408630664891988,0.0
No infrastructure feedback,32,0.16,40,1000,1441613,0,-1,5.465625,0.0,0.3414701571847123,0.0
No infrastructure feedback,32,0.16,40,1000,1441614,0,-1,4.778125,0.0,0.2894352790752675,0.0
No infrastructure feedback,32,0.16,40,1000,1441615,0,-1,4.628125,0.0,0.2860821964759677,0.0
No infrastructure feedback,32,0.16,40,1000,1441616,0,-1,4.64375,0.0,0.2433643257816737,0.0
No infrastructure feedback,32,0.16,40,1000,1441617,0,-1,4.578125,0.0,0.2676574285058194,0.0
No infrastructure feedback,32,0.16,40,1000,1441618,0,-1,4.50625,0.0,0.2470795095289459,0.0
No infrastructure feedback,32,0.16,40,1000,1441619,0,-1,5.4,0.0,0.3091482322898402,0.0
No infrastructure feedback,32,0.16,40,1000,1441620,0,-1,4.55,0.0,0.2856876536698713,0.0
No infrastructure feedback,32,0.16,40,1000,1441621,0,-1,5.05,0.0,0.2783396714806204,0.0
No infrastructure feedback,32,0.16,40,1000,1441622,0,-1,4.25,0.0,0.2372057585045171,0.0
No infrastructure feedback,32,0.16,40,1000,1441623,0,-1,4.99375,0.0,0.3041455404172614,0.0
No infrastructure feedback,32,0.16,40,1000,1441624,0,-1,4.790625,0.0,0.2846837957889071,0.0
No infrastructure feedback,32,0.16,40,1000,1441625,0,-1,5.7125,0.0,0.3437335314734863,0.0
No infrastructure feedback,32,0.16,40,1000,1441626,0,-1,4.315625,0.0,0.2500244432740978,0.0
No infrastructure feedback,32,0.16,40,1000,1441627,0,-1,4.778125,0.0,0.3062047258489221,0.0
No infrastructure feedback,32,0.16,40,1000,1441628,0,-1,4.3625,0.0,0.2584638461974982,0.0
No infrastructure feedback,32,0.16,40,1000,1441629,0,-1,4.4375,0.0,0.258193140460349,0.0
No infrastructure feedback,32,0.16,40,1000,1441630,0,-1,4.44375,0.0,0.2678111403472946,0.0
No infrastructure feedback,32,0.16,40,1000,1441631,0,-1,4.178125,0.0,0.2393142927326172,0.0
No infrastructure feedback,32,0.16,40,1000,1441632,0,-1,4.75,0.0,0.2982589021201679,0.0
No infrastructure feedback,32,0.16,40,1000,1441633,0,-1,4.61875,0.0,0.2755147833012626,0.0
No infrastructure feedback,32,0.16,40,1000,1441634,0,-1,4.553125,0.0,0.2635488750280242,0.0
No infrastructure feedback,32,0.16,40,1000,1441635,0,-1,4.465625,0.0,0.2336596531889624,0.0
No infrastructure feedback,32,0.16,40,1000,1441636,0,-1,4.35,0.0,0.2578672349387696,0.0
No infrastructure feedback,32,0.16,40,1000,1441637,0,-1,4.4625,0.0,0.2612805107945707,0.0
No infrastructure feedback,32,0.16,40,1000,1441638,0,-1,5.684375,0.0,0.3285577235517435,0.0
No infrastructure feedback,32,0.16,40,1000,1441639,0,-1,4.6125,0.0,0.286815018303115,0.0
No infrastructure feedback,32,0.16,40,1000,1441640,0,-1,5.896875,0.0125,0.3514226679095867,0.0
No infrastructure feedback,32,0.16,40,1000,1441641,0,-1,4.928125,0.0,0.3023145190233426,0.0
No infrastructure feedback,32,0.16,40,1000,1441642,0,-1,5.440625,0.0,0.3534847333305753,0.0
No infrastructure feedback,32,0.16,40,1000,1441643,0,-1,4.653125,0.0,0.2610262164303031,0.0
No infrastructure feedback,32,0.16,40,1000,1441644,0,-1,4.478125,0.0,0.2553105015038099,0.0
No infrastructure feedback,32,0.16,40,1000,1441645,0,-1,4.665625,0.0,0.2590670628825947,0.0
No infrastructure feedback,32,0.16,40,1000,1441646,0,-1,5.196875,0.0,0.2873330173413994,0.0
No infrastructure feedback,32,0.16,40,1000,1441647,0,-1,4.80625,0.0,0.2974316192473173,0.0
No infrastructure feedback,32,0.16,40,1000,1441648,0,-1,4.54375,0.0,0.2769066926941036,0.0
No infrastructure feedback,32,0.16,40,1000,1441649,0,-1,4.184375,0.0,0.2534688445013163,0.0
No infrastructure feedback,32,0.03,60,1500,1460300,0,-1,4.7,0.0,0.2730292363258856,0.0
No infrastructure feedback,32,0.03,60,1500,1460301,0,-1,5.015625,0.0,0.301249277251184,0.0
No infrastructure feedback,32,0.03,60,1500,1460302,0,-1,4.45625,0.0,0.2674148213149514,0.0
No infrastructure feedback,32,0.03,60,1500,1460303,0,-1,4.4125,0.0,0.2095746298823534,0.0
No infrastructure feedback,32,0.03,60,1500,1460304,0,-1,4.590625,0.0,0.2749991653993727,0.0
No infrastructure feedback,32,0.03,60,1500,1460305,0,-1,4.58125,0.0,0.276964519303584,0.0
No infrastructure feedback,32,0.03,60,1500,1460306,0,-1,4.86875,0.0,0.3124164505499044,0.0
No infrastructure feedback,32,0.03,60,1500,1460307,0,-1,5.71875,0.0,0.3432897497281573,0.0
No infrastructure feedback,32,0.03,60,1500,1460308,0,-1,4.78125,0.0,0.2711386320586732,0.0
No infrastructure feedback,32,0.03,60,1500,1460309,0,-1,5.184375,0.0,0.3144419782210393,0.0
No infrastructure feedback,32,0.03,60,1500,1460310,0,-1,5.3375,0.0,0.3107796895540585,0.0
No infrastructure feedback,32,0.03,60,1500,1460311,0,-1,4.71875,0.0,0.283382782900139,0.0
No infrastructure feedback,32,0.03,60,1500,1460312,0,-1,3.965625,0.0,0.2058950645702792,0.0
No infrastructure feedback,32,0.03,60,1500,1460313,0,-1,4.509375,0.0,0.2502787060628172,0.0
No infrastructure feedback,32,0.03,60,1500,1460314,0,-1,5.021875,0.0,0.2958267082040106,0.0
No infrastructure feedback,32,0.03,60,1500,1460315,0,-1,4.5,0.0,0.25989390155926,0.0
No infrastructure feedback,32,0.03,60,1500,1460316,0,-1,4.740625,0.0,0.2578833380427395,0.0
No infrastructure feedback,32,0.03,60,1500,1460317,0,-1,5.309375,0.0,0.3014814124989096,0.0
No infrastructure feedback,32,0.03,60,1500,1460318,0,-1,4.753125,0.0,0.2675272502651777,0.0
No infrastructure feedback,32,0.03,60,1500,1460319,0,-1,4.865625,0.0,0.2915624999227605,0.0
No infrastructure feedback,32,0.03,60,1500,1460320,0,-1,4.440625,0.0,0.2441730712787618,0.0
No infrastructure feedback,32,0.03,60,1500,1460321,0,-1,5.646875,0.0,0.3258999848337297,0.0
No infrastructure feedback,32,0.03,60,1500,1460322,0,-1,5.05,0.0,0.2949226895896429,0.0
No infrastructure feedback,32,0.03,60,1500,1460323,0,-1,6.375,0.0,0.4139544811914062,0.0
No infrastructure feedback,32,0.03,60,1500,1460324,0,-1,4.478125,0.0,0.2349844594323208,0.0
No infrastructure feedback,32,0.03,60,1500,1460325,0,-1,5.19375,0.0,0.3200678082928015,0.0
No infrastructure feedback,32,0.03,60,1500,1460326,0,-1,5.909375,0.015625,0.3691934322209922,0.0
No infrastructure feedback,32,0.03,60,1500,1460327,0,-1,4.690625,0.0,0.2689798814946749,0.0
No infrastructure feedback,32,0.03,60,1500,1460328,0,-1,4.14375,0.0,0.2073663080878886,0.0
No infrastructure feedback,32,0.03,60,1500,1460329,0,-1,4.60625,0.0,0.2522279077193137,0.0
No infrastructure feedback,32,0.03,60,1500,1460330,0,-1,4.59375,0.0,0.2809506562260634,0.0
No infrastructure feedback,32,0.03,60,1500,1460331,0,-1,5.1125,0.0,0.3027223300287378,0.0
No infrastructure feedback,32,0.03,60,1500,1460332,0,-1,4.709375,0.0,0.2555417982903575,0.0
No infrastructure feedback,32,0.03,60,1500,1460333,0,-1,4.64375,0.0,0.2564429696232789,0.0
No infrastructure feedback,32,0.03,60,1500,1460334,0,-1,5.025,0.0,0.2941140020256907,0.0
No infrastructure feedback,32,0.03,60,1500,1460335,0,-1,4.34375,0.0,0.2149620340533869,0.0
No infrastructure feedback,32,0.03,60,1500,1460336,0,-1,4.571875,0.0,0.277345087691049,0.0
No infrastructure feedback,32,0.03,60,1500,1460337,0,-1,4.921875,0.0,0.3121392621252965,0.0
No infrastructure feedback,32,0.03,60,1500,1460338,0,-1,4.815625,0.0,0.2715400660894062,0.0
No infrastructure feedback,32,0.03,60,1500,1460339,0,-1,4.434375,0.0,0.2438550507578467,0.0
No infrastructure feedback,32,0.03,60,1500,1460340,0,-1,4.690625,0.0,0.2852563726578669,0.0
No infrastructure feedback,32,0.03,60,1500,1460341,0,-1,4.778125,0.0,0.3031570425063717,0.0
No infrastructure feedback,32,0.03,60,1500,1460342,0,-1,5.5375,0.0,0.3419468091158645,0.0
No infrastructure feedback,32,0.03,60,1500,1460343,0,-1,4.703125,0.0,0.2913934308504925,0.0
No infrastructure feedback,32,0.03,60,1500,1460344,0,-1,5.7375,0.0,0.3311861220764899,0.0
No infrastructure feedback,32,0.03,60,1500,1460345,0,-1,4.75625,0.0,0.2862642205710279,0.0
No infrastructure feedback,32,0.03,60,1500,1460346,0,-1,4.290625,0.0,0.2360621234029861,0.0
No infrastructure feedback,32,0.03,60,1500,1460347,0,-1,5.303125,0.0,0.3658911914359551,0.0
No infrastructure feedback,32,0.03,60,1500,1460348,0,-1,5.09375,0.0,0.3403806432032252,0.0
No infrastructure feedback,32,0.03,60,1500,1460349,0,-1,5.040625,0.0,0.3186059736182372,0.0
No infrastructure feedback,32,0.06,60,1500,1460600,0,-1,4.85625,0.0,0.2872950824594923,0.0
No infrastructure feedback,32,0.06,60,1500,1460601,0,-1,5.196875,0.0,0.2950325304409029,0.0
No infrastructure feedback,32,0.06,60,1500,1460602,0,-1,4.459375,0.0,0.2616944583866943,0.0
No infrastructure feedback,32,0.06,60,1500,1460603,0,-1,4.1,0.0,0.2153045973767478,0.0
No infrastructure feedback,32,0.06,60,1500,1460604,0,-1,5.246875,0.0,0.3058895621180334,0.0
No infrastructure feedback,32,0.06,60,1500,1460605,0,-1,4.53125,0.0,0.2554756888182602,0.0
No infrastructure feedback,32,0.06,60,1500,1460606,0,-1,5.56875,0.0,0.3491221055464162,0.0
No infrastructure feedback,32,0.06,60,1500,1460607,0,-1,4.725,0.0,0.2784416960915988,0.0
No infrastructure feedback,32,0.06,60,1500,1460608,0,-1,4.496875,0.0,0.2559991038781462,0.0
No infrastructure feedback,32,0.06,60,1500,1460609,0,-1,5.346875,0.003125,0.3193315172023688,0.0
No infrastructure feedback,32,0.06,60,1500,1460610,0,-1,5.184375,0.0,0.3140737811313178,0.0
No infrastructure feedback,32,0.06,60,1500,1460611,0,-1,5.10625,0.0,0.3007491320240968,0.0
No infrastructure feedback,32,0.06,60,1500,1460612,0,-1,4.721875,0.0,0.2601153391244305,0.0
No infrastructure feedback,32,0.06,60,1500,1460613,0,-1,5.528125,0.0,0.3406037046379689,0.0
No infrastructure feedback,32,0.06,60,1500,1460614,0,-1,4.5875,0.0,0.2658869440381551,0.0
No infrastructure feedback,32,0.06,60,1500,1460615,0,-1,5.109375,0.0,0.2817332742688606,0.0
No infrastructure feedback,32,0.06,60,1500,1460616,0,-1,4.13125,0.0,0.2171554190296087,0.0
No infrastructure feedback,32,0.06,60,1500,1460617,0,-1,4.75,0.0,0.269309750701319,0.0
No infrastructure feedback,32,0.06,60,1500,1460618,0,-1,4.684375,0.0,0.2564019352731765,0.0
No infrastructure feedback,32,0.06,60,1500,1460619,0,-1,4.66875,0.0,0.2949604897809686,0.0
No infrastructure feedback,32,0.06,60,1500,1460620,0,-1,4.428125,0.0,0.2625598092269162,0.0
No infrastructure feedback,32,0.06,60,1500,1460621,0,-1,5.6875,0.0,0.3532223166306542,0.0
No infrastructure feedback,32,0.06,60,1500,1460622,0,-1,5.35625,0.0,0.3434863317278809,0.0
No infrastructure feedback,32,0.06,60,1500,1460623,0,-1,4.675,0.0,0.2834588044768195,0.0
No infrastructure feedback,32,0.06,60,1500,1460624,0,-1,5.334375,0.0,0.3073241891673414,0.0
No infrastructure feedback,32,0.06,60,1500,1460625,0,-1,4.353125,0.0,0.223752254119296,0.0
No infrastructure feedback,32,0.06,60,1500,1460626,0,-1,4.7625,0.0,0.2765534328301702,0.0
No infrastructure feedback,32,0.06,60,1500,1460627,0,-1,4.934375,0.0,0.3020613353884555,0.0
No infrastructure feedback,32,0.06,60,1500,1460628,0,-1,4.378125,0.0,0.2616311239957891,0.0
No infrastructure feedback,32,0.06,60,1500,1460629,0,-1,4.875,0.0,0.2991680076823778,0.0
No infrastructure feedback,32,0.06,60,1500,1460630,0,-1,4.721875,0.0,0.3013205016777934,0.0
No infrastructure feedback,32,0.06,60,1500,1460631,0,-1,4.9625,0.0,0.325942728553677,0.0
No infrastructure feedback,32,0.06,60,1500,1460632,0,-1,4.509375,0.0,0.259768076119999,0.0
No infrastructure feedback,32,0.06,60,1500,1460633,0,-1,5.403125,0.0,0.3124465382061306,0.0
No infrastructure feedback,32,0.06,60,1500,1460634,0,-1,4.81875,0.0,0.3013203965963759,0.0
No infrastructure feedback,32,0.06,60,1500,1460635,0,-1,4.76875,0.0,0.2786966801214665,0.0
No infrastructure feedback,32,0.06,60,1500,1460636,0,-1,5.05625,0.0,0.2993314356531764,0.0
No infrastructure feedback,32,0.06,60,1500,1460637,0,-1,4.290625,0.0,0.2404767601626457,0.0
No infrastructure feedback,32,0.06,60,1500,1460638,0,-1,5.28125,0.0,0.3118881496575757,0.0
No infrastructure feedback,32,0.06,60,1500,1460639,0,-1,4.834375,0.0,0.302697408580386,0.0
No infrastructure feedback,32,0.06,60,1500,1460640,0,-1,4.484375,0.0,0.2601214958232819,0.0
No infrastructure feedback,32,0.06,60,1500,1460641,0,-1,4.91875,0.0,0.3347050131191302,0.0
No infrastructure feedback,32,0.06,60,1500,1460642,0,-1,5.028125,0.0,0.2722570116970618,0.0
No infrastructure feedback,32,0.06,60,1500,1460643,0,-1,4.70625,0.0,0.2940233238027685,0.0
No infrastructure feedback,32,0.06,60,1500,1460644,0,-1,5.20625,0.0,0.3351667584399477,0.0
No infrastructure feedback,32,0.06,60,1500,1460645,0,-1,4.5,0.0,0.2781845314229819,0.0
No infrastructure feedback,32,0.06,60,1500,1460646,0,-1,4.615625,0.0,0.2826445773163408,0.0
No infrastructure feedback,32,0.06,60,1500,1460647,0,-1,4.240625,0.0,0.2464599392713916,0.0
No infrastructure feedback,32,0.06,60,1500,1460648,0,-1,4.896875,0.0,0.2502134743902967,0.0
No infrastructure feedback,32,0.06,60,1500,1460649,0,-1,4.628125,0.0,0.2772419995414511,0.0
No infrastructure feedback,32,0.1,60,1500,1461000,0,-1,4.846875,0.0,0.2784128007681168,0.0
No infrastructure feedback,32,0.1,60,1500,1461001,0,-1,5.071875,0.0,0.325377692734834,0.0
No infrastructure feedback,32,0.1,60,1500,1461002,0,-1,5.340625,0.0,0.3550330946656594,0.0
No infrastructure feedback,32,0.1,60,1500,1461003,0,-1,4.6875,0.0,0.2623833586338356,0.0
No infrastructure feedback,32,0.1,60,1500,1461004,0,-1,6.215625,0.0,0.379634887709501,0.0
No infrastructure feedback,32,0.1,60,1500,1461005,0,-1,5.153125,0.0,0.3199767426045166,0.0
No infrastructure feedback,32,0.1,60,1500,1461006,0,-1,4.365625,0.0,0.2423565582393521,0.0
No infrastructure feedback,32,0.1,60,1500,1461007,0,-1,4.996875,0.0,0.3016593637111881,0.0
No infrastructure feedback,32,0.1,60,1500,1461008,0,-1,5.403125,0.0,0.3165454227855463,0.0
No infrastructure feedback,32,0.1,60,1500,1461009,0,-1,5.09375,0.0,0.3193161078614128,0.0
No infrastructure feedback,32,0.1,60,1500,1461010,0,-1,4.875,0.0,0.2987283690862751,0.0
No infrastructure feedback,32,0.1,60,1500,1461011,0,-1,4.590625,0.0,0.2917616248415372,0.0
No infrastructure feedback,32,0.1,60,1500,1461012,0,-1,4.546875,0.0,0.2576425479267027,0.0
No infrastructure feedback,32,0.1,60,1500,1461013,0,-1,4.378125,0.0,0.2608351911259176,0.0
No infrastructure feedback,32,0.1,60,1500,1461014,0,-1,4.6125,0.0,0.2867309990203968,0.0
No infrastructure feedback,32,0.1,60,1500,1461015,0,-1,4.690625,0.003125,0.2592780922724269,0.0
No infrastructure feedback,32,0.1,60,1500,1461016,0,-1,4.678125,0.0,0.2894840143613143,0.0
No infrastructure feedback,32,0.1,60,1500,1461017,0,-1,5.28125,0.0,0.321834127176982,0.0
No infrastructure feedback,32,0.1,60,1500,1461018,0,-1,5.49375,0.0,0.3241631616119565,0.0
No infrastructure feedback,32,0.1,60,1500,1461019,0,-1,4.421875,0.0,0.2711150501383669,0.0
No infrastructure feedback,32,0.1,60,1500,1461020,0,-1,4.41875,0.0,0.236560712264889,0.0
No infrastructure feedback,32,0.1,60,1500,1461021,0,-1,4.490625,0.0,0.2658450901213937,0.0
No infrastructure feedback,32,0.1,60,1500,1461022,0,-1,4.940625,0.0,0.2802801713361127,0.0
No infrastructure feedback,32,0.1,60,1500,1461023,0,-1,4.496875,0.0,0.2449974019731168,0.0
No infrastructure feedback,32,0.1,60,1500,1461024,0,-1,4.80625,0.0,0.2992725294608899,0.0
No infrastructure feedback,32,0.1,60,1500,1461025,0,-1,4.71875,0.0,0.2482858479630197,0.0
No infrastructure feedback,32,0.1,60,1500,1461026,0,-1,5.071875,0.0,0.2928849029974487,0.0
No infrastructure feedback,32,0.1,60,1500,1461027,0,-1,4.9125,0.0,0.2747853535023093,0.0
No infrastructure feedback,32,0.1,60,1500,1461028,0,-1,4.465625,0.0,0.2745370136498013,0.0
No infrastructure feedback,32,0.1,60,1500,1461029,0,-1,5.33125,0.0,0.315870206955186,0.0
No infrastructure feedback,32,0.1,60,1500,1461030,0,-1,4.359375,0.0,0.2663157374113977,0.0
No infrastructure feedback,32,0.1,60,1500,1461031,0,-1,4.80625,0.0,0.3049676152458798,0.0
No infrastructure feedback,32,0.1,60,1500,1461032,0,-1,5.365625,0.003125,0.3326623148517927,0.0
No infrastructure feedback,32,0.1,60,1500,1461033,0,-1,4.98125,0.0,0.2947516296552933,0.0
No infrastructure feedback,32,0.1,60,1500,1461034,0,-1,4.675,0.0,0.2647343224705054,0.0
No infrastructure feedback,32,0.1,60,1500,1461035,0,-1,5.86875,0.0,0.3634217590232684,0.0
No infrastructure feedback,32,0.1,60,1500,1461036,0,-1,4.978125,0.0,0.2869277670360017,0.0
No infrastructure feedback,32,0.1,60,1500,1461037,0,-1,4.45,0.0,0.2433831224131462,0.0
No infrastructure feedback,32,0.1,60,1500,1461038,0,-1,4.825,0.0,0.2963567844816217,0.0
No infrastructure feedback,32,0.1,60,1500,1461039,0,-1,5.696875,0.025,0.3442320260872282,0.0
No infrastructure feedback,32,0.1,60,1500,1461040,0,-1,4.6,0.0,0.238194146447877,0.0
No infrastructure feedback,32,0.1,60,1500,1461041,0,-1,4.93125,0.0,0.3126254455627627,0.0
No infrastructure feedback,32,0.1,60,1500,1461042,0,-1,5.04375,0.0,0.3156647059700386,0.0
No infrastructure feedback,32,0.1,60,1500,1461043,0,-1,4.809375,0.0,0.2836204956865406,0.0
No infrastructure feedback,32,0.1,60,1500,1461044,0,-1,4.40625,0.0,0.2594758480189125,0.0
No infrastructure feedback,32,0.1,60,1500,1461045,0,-1,4.8625,0.0,0.3039714378605841,0.0
No infrastructure feedback,32,0.1,60,1500,1461046,0,-1,4.521875,0.0,0.2572526548829804,0.0
No infrastructure feedback,32,0.1,60,1500,1461047,0,-1,4.9375,0.0,0.3024879125618545,0.0
No infrastructure feedback,32,0.1,60,1500,1461048,0,-1,4.2625,0.0,0.2362570438704291,0.0
No infrastructure feedback,32,0.1,60,1500,1461049,0,-1,6.203125,0.015625,0.3546198338734212,0.0
No infrastructure feedback,32,0.16,60,1500,1461600,0,-1,4.915625,0.0,0.2885305986222236,0.0
No infrastructure feedback,32,0.16,60,1500,1461601,0,-1,4.334375,0.0,0.2534605907109722,0.0
No infrastructure feedback,32,0.16,60,1500,1461602,0,-1,5.646875,0.03125,0.3227977232208379,0.0
No infrastructure feedback,32,0.16,60,1500,1461603,0,-1,4.6625,0.0,0.259354897578956,0.0
No infrastructure feedback,32,0.16,60,1500,1461604,0,-1,5.534375,0.015625,0.3511788390354035,0.0
No infrastructure feedback,32,0.16,60,1500,1461605,0,-1,4.34375,0.0,0.2262354041151503,0.0
No infrastructure feedback,32,0.16,60,1500,1461606,0,-1,5.340625,0.0,0.3303942622749433,0.0
No infrastructure feedback,32,0.16,60,1500,1461607,0,-1,5.434375,0.0,0.334060504855358,0.0
No infrastructure feedback,32,0.16,60,1500,1461608,0,-1,4.765625,0.0,0.2952762190407837,0.0
No infrastructure feedback,32,0.16,60,1500,1461609,0,-1,6.31875,0.046875,0.3700486025357361,0.0
No infrastructure feedback,32,0.16,60,1500,1461610,0,-1,5.25625,0.0,0.3363874524216773,0.0
No infrastructure feedback,32,0.16,60,1500,1461611,0,-1,4.759375,0.0,0.2474500633460321,0.0
No infrastructure feedback,32,0.16,60,1500,1461612,0,-1,4.8125,0.0,0.2791411076044058,0.0
No infrastructure feedback,32,0.16,60,1500,1461613,0,-1,4.3125,0.0,0.2153246831152879,0.0
No infrastructure feedback,32,0.16,60,1500,1461614,0,-1,4.559375,0.0,0.2661791525968172,0.0
No infrastructure feedback,32,0.16,60,1500,1461615,0,-1,4.5625,0.0,0.2862513121072261,0.0
No infrastructure feedback,32,0.16,60,1500,1461616,0,-1,4.090625,0.0,0.2183820572325986,0.0
No infrastructure feedback,32,0.16,60,1500,1461617,0,-1,5.4125,0.0,0.314360001649449,0.0
No infrastructure feedback,32,0.16,60,1500,1461618,0,-1,4.734375,0.0,0.2829121117773364,0.0
No infrastructure feedback,32,0.16,60,1500,1461619,0,-1,4.9875,0.0,0.279787696578171,0.0
No infrastructure feedback,32,0.16,60,1500,1461620,0,-1,4.284375,0.0,0.2427479353759594,0.0
No infrastructure feedback,32,0.16,60,1500,1461621,0,-1,4.95625,0.0,0.3054871988535069,0.0
No infrastructure feedback,32,0.16,60,1500,1461622,0,-1,4.590625,0.0,0.2661490873637772,0.0
No infrastructure feedback,32,0.16,60,1500,1461623,0,-1,4.54375,0.0,0.2435566609050081,0.0
No infrastructure feedback,32,0.16,60,1500,1461624,0,-1,4.978125,0.0,0.3056036572163717,0.0
No infrastructure feedback,32,0.16,60,1500,1461625,0,-1,4.590625,0.0,0.2769258877775938,0.0
No infrastructure feedback,32,0.16,60,1500,1461626,0,-1,4.690625,0.0,0.3048503525832112,0.0
No infrastructure feedback,32,0.16,60,1500,1461627,0,-1,4.490625,0.0,0.2626126834553416,0.0
No infrastructure feedback,32,0.16,60,1500,1461628,0,-1,4.91875,0.0,0.2831331664614998,0.0
No infrastructure feedback,32,0.16,60,1500,1461629,0,-1,5.4875,0.0,0.3326141704121598,0.0
No infrastructure feedback,32,0.16,60,1500,1461630,0,-1,4.840625,0.0,0.2814041354948403,0.0
No infrastructure feedback,32,0.16,60,1500,1461631,0,-1,4.653125,0.0,0.2817071692518711,0.0
No infrastructure feedback,32,0.16,60,1500,1461632,0,-1,4.959375,0.0,0.2775369708482117,0.0
No infrastructure feedback,32,0.16,60,1500,1461633,0,-1,4.8625,0.0,0.2713014934676055,0.0
No infrastructure feedback,32,0.16,60,1500,1461634,0,-1,4.665625,0.0,0.2889036631551375,0.0
No infrastructure feedback,32,0.16,60,1500,1461635,0,-1,5.165625,0.0,0.3334766661441829,0.0
No infrastructure feedback,32,0.16,60,1500,1461636,0,-1,5.178125,0.0,0.3043815499082115,0.0
No infrastructure feedback,32,0.16,60,1500,1461637,0,-1,4.490625,0.0,0.2555623862334042,0.0
No infrastructure feedback,32,0.16,60,1500,1461638,0,-1,4.909375,0.009375,0.2954286420484909,0.0
No infrastructure feedback,32,0.16,60,1500,1461639,0,-1,5.225,0.0,0.2944958098085314,0.0
No infrastructure feedback,32,0.16,60,1500,1461640,0,-1,5.95625,0.0125,0.3682335497663906,0.0
No infrastructure feedback,32,0.16,60,1500,1461641,0,-1,5.190625,0.0,0.3423523222484791,0.0
No infrastructure feedback,32,0.16,60,1500,1461642,0,-1,4.590625,0.0,0.2726302113191384,0.0
No infrastructure feedback,32,0.16,60,1500,1461643,0,-1,4.35625,0.0,0.2551037884731587,0.0
No infrastructure feedback,32,0.16,60,1500,1461644,0,-1,5.034375,0.0,0.320693003417182,0.0
No infrastructure feedback,32,0.16,60,1500,1461645,0,-1,4.953125,0.0,0.2989594275791966,0.0
No infrastructure feedback,32,0.16,60,1500,1461646,0,-1,5.4,0.0,0.3485417325275771,0.0
No infrastructure feedback,32,0.16,60,1500,1461647,0,-1,4.5375,0.0,0.2880899800988831,0.0
No infrastructure feedback,32,0.16,60,1500,1461648,0,-1,4.459375,0.0,0.258352218582947,0.0
No infrastructure feedback,32,0.16,60,1500,1461649,0,-1,6.940625,0.025,0.4056363018681107,0.0
No infrastructure feedback,32,0.03,80,2000,1480300,0,-1,4.415625,0.0,0.2834680526638406,0.0
No infrastructure feedback,32,0.03,80,2000,1480301,0,-1,5.175,0.0,0.3204615790835126,0.0
No infrastructure feedback,32,0.03,80,2000,1480302,0,-1,4.6,0.0,0.2686534842332951,0.0
No infrastructure feedback,32,0.03,80,2000,1480303,0,-1,4.840625,0.0,0.2789914735093726,0.0
No infrastructure feedback,32,0.03,80,2000,1480304,0,-1,4.996875,0.0,0.2814191845403698,0.0
No infrastructure feedback,32,0.03,80,2000,1480305,0,-1,5.515625,0.0,0.3352643210808247,0.0
No infrastructure feedback,32,0.03,80,2000,1480306,0,-1,4.6625,0.0,0.289104439256317,0.0
No infrastructure feedback,32,0.03,80,2000,1480307,0,-1,4.66875,0.0,0.2656401167401067,0.0
No infrastructure feedback,32,0.03,80,2000,1480308,0,-1,4.871875,0.0,0.2714026552435265,0.0
No infrastructure feedback,32,0.03,80,2000,1480309,0,-1,4.95625,0.0,0.2729196777333635,0.0
No infrastructure feedback,32,0.03,80,2000,1480310,0,-1,4.415625,0.0,0.2637199281781427,0.0
No infrastructure feedback,32,0.03,80,2000,1480311,0,-1,4.378125,0.0,0.2514983707150545,0.0
No infrastructure feedback,32,0.03,80,2000,1480312,0,-1,4.334375,0.0,0.2629986537529363,0.0
No infrastructure feedback,32,0.03,80,2000,1480313,0,-1,4.5375,0.0,0.2687428464435548,0.0
No infrastructure feedback,32,0.03,80,2000,1480314,0,-1,4.7625,0.0,0.2795904860575163,0.0
No infrastructure feedback,32,0.03,80,2000,1480315,0,-1,4.978125,0.0,0.2696843853640463,0.0
No infrastructure feedback,32,0.03,80,2000,1480316,0,-1,4.596875,0.0,0.2669871342796369,0.0
No infrastructure feedback,32,0.03,80,2000,1480317,0,-1,4.9875,0.003125,0.3168388356744779,0.0
No infrastructure feedback,32,0.03,80,2000,1480318,0,-1,4.75625,0.0,0.2688614027085341,0.0
No infrastructure feedback,32,0.03,80,2000,1480319,0,-1,4.915625,0.0,0.2776401095180426,0.0
No infrastructure feedback,32,0.03,80,2000,1480320,0,-1,4.51875,0.0,0.2735085910676876,0.0
No infrastructure feedback,32,0.03,80,2000,1480321,0,-1,4.4,0.0,0.2433590425315513,0.0
No infrastructure feedback,32,0.03,80,2000,1480322,0,-1,4.553125,0.0,0.2488341264693658,0.0
No infrastructure feedback,32,0.03,80,2000,1480323,0,-1,5.04375,0.0,0.3156089519649002,0.0
No infrastructure feedback,32,0.03,80,2000,1480324,0,-1,4.69375,0.0,0.2637644611032909,0.0
No infrastructure feedback,32,0.03,80,2000,1480325,0,-1,4.96875,0.0,0.3041974556493483,0.0
No infrastructure feedback,32,0.03,80,2000,1480326,0,-1,4.365625,0.0,0.2331191183953518,0.0
No infrastructure feedback,32,0.03,80,2000,1480327,0,-1,4.2,0.0,0.2344915251645495,0.0
No infrastructure feedback,32,0.03,80,2000,1480328,0,-1,4.79375,0.0,0.2736346307082927,0.0
No infrastructure feedback,32,0.03,80,2000,1480329,0,-1,5.325,0.009375,0.3223859928119361,0.0
No infrastructure feedback,32,0.03,80,2000,1480330,0,-1,5.015625,0.0,0.2892027937585974,0.0
No infrastructure feedback,32,0.03,80,2000,1480331,0,-1,4.865625,0.0,0.2697847403640208,0.0
No infrastructure feedback,32,0.03,80,2000,1480332,0,-1,5.496875,0.003125,0.3569464135708046,0.0
No infrastructure feedback,32,0.03,80,2000,1480333,0,-1,4.584375,0.0,0.250682306329019,0.0
No infrastructure feedback,32,0.03,80,2000,1480334,0,-1,5.6,0.0,0.3033265775172155,0.0
No infrastructure feedback,32,0.03,80,2000,1480335,0,-1,5.490625,0.0,0.3235299661940051,0.0
No infrastructure feedback,32,0.03,80,2000,1480336,0,-1,4.66875,0.0,0.2604296781823686,0.0
No infrastructure feedback,32,0.03,80,2000,1480337,0,-1,4.915625,0.0,0.2981460269043218,0.0
No infrastructure feedback,32,0.03,80,2000,1480338,0,-1,5.025,0.0,0.3305815406588053,0.0
No infrastructure feedback,32,0.03,80,2000,1480339,0,-1,5.40625,0.0,0.3584574870478552,0.0
No infrastructure feedback,32,0.03,80,2000,1480340,0,-1,4.559375,0.0,0.2801107429221553,0.0
No infrastructure feedback,32,0.03,80,2000,1480341,0,-1,4.865625,0.0,0.2675276838876842,0.0
No infrastructure feedback,32,0.03,80,2000,1480342,0,-1,4.903125,0.0,0.2751060103489094,0.0
No infrastructure feedback,32,0.03,80,2000,1480343,0,-1,4.909375,0.0,0.2670541124135078,0.0
No infrastructure feedback,32,0.03,80,2000,1480344,0,-1,4.86875,0.0,0.303027351100767,0.0
No infrastructure feedback,32,0.03,80,2000,1480345,0,-1,5.390625,0.0,0.3078194191226688,0.0
No infrastructure feedback,32,0.03,80,2000,1480346,0,-1,5.003125,0.0,0.2927685477529582,0.0
No infrastructure feedback,32,0.03,80,2000,1480347,0,-1,5.309375,0.0,0.3260576623811949,0.0
No infrastructure feedback,32,0.03,80,2000,1480348,0,-1,5.796875,0.00625,0.3406997975429174,0.0
No infrastructure feedback,32,0.03,80,2000,1480349,0,-1,4.4375,0.0,0.2607198875239272,0.0
No infrastructure feedback,32,0.06,80,2000,1480600,0,-1,4.740625,0.0,0.2720940577804521,0.0
No infrastructure feedback,32,0.06,80,2000,1480601,0,-1,4.615625,0.0,0.2851460255809346,0.0
No infrastructure feedback,32,0.06,80,2000,1480602,0,-1,4.7625,0.0,0.2650301812254975,0.0
No infrastructure feedback,32,0.06,80,2000,1480603,0,-1,5.003125,0.0,0.3119604873724372,0.0
No infrastructure feedback,32,0.06,80,2000,1480604,0,-1,4.646875,0.0,0.263951830609754,0.0
No infrastructure feedback,32,0.06,80,2000,1480605,0,-1,5.034375,0.0,0.3027410271252578,0.0
No infrastructure feedback,32,0.06,80,2000,1480606,0,-1,4.7375,0.0,0.2862880572529055,0.0
No infrastructure feedback,32,0.06,80,2000,1480607,0,-1,5.5625,0.0,0.3605123472726531,0.0
No infrastructure feedback,32,0.06,80,2000,1480608,0,-1,5.171875,0.0,0.3105230489719843,0.0
No infrastructure feedback,32,0.06,80,2000,1480609,0,-1,4.36875,0.0,0.2289877077269334,0.0
No infrastructure feedback,32,0.06,80,2000,1480610,0,-1,5.134375,0.0,0.351299906764035,0.0
No infrastructure feedback,32,0.06,80,2000,1480611,0,-1,4.60625,0.0,0.276436807965541,0.0
No infrastructure feedback,32,0.06,80,2000,1480612,0,-1,4.921875,0.0,0.2908684477710898,0.0
No infrastructure feedback,32,0.06,80,2000,1480613,0,-1,4.946875,0.0,0.2783974999487804,0.0
No infrastructure feedback,32,0.06,80,2000,1480614,0,-1,4.765625,0.0,0.2644690426521126,0.0
No infrastructure feedback,32,0.06,80,2000,1480615,0,-1,5.171875,0.0,0.3157500162846117,0.0
No infrastructure feedback,32,0.06,80,2000,1480616,0,-1,4.915625,0.0,0.3020237243606661,0.0
No infrastructure feedback,32,0.06,80,2000,1480617,0,-1,4.95,0.0,0.3039919869121866,0.0
No infrastructure feedback,32,0.06,80,2000,1480618,0,-1,4.865625,0.0,0.2681489319656917,0.0
No infrastructure feedback,32,0.06,80,2000,1480619,0,-1,5.7125,0.0,0.3145763558946089,0.0
No infrastructure feedback,32,0.06,80,2000,1480620,0,-1,4.471875,0.0,0.2516578628932219,0.0
No infrastructure feedback,32,0.06,80,2000,1480621,0,-1,5.975,0.025,0.3299544432922069,0.0
No infrastructure feedback,32,0.06,80,2000,1480622,0,-1,4.678125,0.0,0.2938492649873407,0.0
No infrastructure feedback,32,0.06,80,2000,1480623,0,-1,4.590625,0.0,0.2743913710757702,0.0
No infrastructure feedback,32,0.06,80,2000,1480624,0,-1,4.33125,0.0,0.2418907187378366,0.0
No infrastructure feedback,32,0.06,80,2000,1480625,0,-1,4.60625,0.0,0.2478418138199163,0.0
No infrastructure feedback,32,0.06,80,2000,1480626,0,-1,6.053125,0.015625,0.3559714932270569,0.0
No infrastructure feedback,32,0.06,80,2000,1480627,0,-1,4.590625,0.0,0.301347391806925,0.0
No infrastructure feedback,32,0.06,80,2000,1480628,0,-1,4.1375,0.0,0.2302876941275823,0.0
No infrastructure feedback,32,0.06,80,2000,1480629,0,-1,4.815625,0.0,0.3063463687252509,0.0
No infrastructure feedback,32,0.06,80,2000,1480630,0,-1,4.540625,0.0,0.2616167326976769,0.0
No infrastructure feedback,32,0.06,80,2000,1480631,0,-1,5.40625,0.003125,0.3326859675070497,0.0
No infrastructure feedback,32,0.06,80,2000,1480632,0,-1,5.134375,0.0,0.3088913881453456,0.0
No infrastructure feedback,32,0.06,80,2000,1480633,0,-1,4.640625,0.0,0.2899269711624597,0.0
No infrastructure feedback,32,0.06,80,2000,1480634,0,-1,5.003125,0.0,0.2733858584307108,0.0
No infrastructure feedback,32,0.06,80,2000,1480635,0,-1,5.096875,0.0,0.2841567493457383,0.0
No infrastructure feedback,32,0.06,80,2000,1480636,0,-1,4.29375,0.0,0.2215150194379879,0.0
No infrastructure feedback,32,0.06,80,2000,1480637,0,-1,4.378125,0.0,0.2373179144269808,0.0
No infrastructure feedback,32,0.06,80,2000,1480638,0,-1,5.325,0.0,0.3145501196999346,0.0
No infrastructure feedback,32,0.06,80,2000,1480639,0,-1,4.653125,0.0,0.2703877204335684,0.0
No infrastructure feedback,32,0.06,80,2000,1480640,0,-1,5.109375,0.025,0.277121420126647,0.0
No infrastructure feedback,32,0.06,80,2000,1480641,0,-1,5.265625,0.0,0.330097943320479,0.0
No infrastructure feedback,32,0.06,80,2000,1480642,0,-1,5.184375,0.0,0.3010916953160411,0.0
No infrastructure feedback,32,0.06,80,2000,1480643,0,-1,4.61875,0.0,0.25393934408807,0.0
No infrastructure feedback,32,0.06,80,2000,1480644,0,-1,4.796875,0.0,0.2836883795254691,0.0
No infrastructure feedback,32,0.06,80,2000,1480645,0,-1,5.26875,0.00625,0.3057819812533966,0.0
No infrastructure feedback,32,0.06,80,2000,1480646,0,-1,4.709375,0.0,0.2915184798937348,0.0
No infrastructure feedback,32,0.06,80,2000,1480647,0,-1,5.290625,0.009375,0.298918746984017,0.0
No infrastructure feedback,32,0.06,80,2000,1480648,0,-1,4.584375,0.0,0.2571118770208543,0.0
No infrastructure feedback,32,0.06,80,2000,1480649,0,-1,4.621875,0.0,0.2786851453105143,0.0
No infrastructure feedback,32,0.1,80,2000,1481000,0,-1,4.20625,0.0,0.2466561985543577,0.0
No infrastructure feedback,32,0.1,80,2000,1481001,0,-1,5.36875,0.0,0.351915290768681,0.0
No infrastructure feedback,32,0.1,80,2000,1481002,0,-1,4.93125,0.0,0.2900158033732383,0.0
No infrastructure feedback,32,0.1,80,2000,1481003,0,-1,4.44375,0.0,0.2707102006637084,0.0
No infrastructure feedback,32,0.1,80,2000,1481004,0,-1,4.634375,0.0,0.2377937290937145,0.0
No infrastructure feedback,32,0.1,80,2000,1481005,0,-1,4.634375,0.0,0.296390606302063,0.0
No infrastructure feedback,32,0.1,80,2000,1481006,0,-1,4.9625,0.0,0.3146243594042734,0.0
No infrastructure feedback,32,0.1,80,2000,1481007,0,-1,5.0375,0.0,0.3177309096432767,0.0
No infrastructure feedback,32,0.1,80,2000,1481008,0,-1,4.59375,0.0,0.2839954188054332,0.0
No infrastructure feedback,32,0.1,80,2000,1481009,0,-1,5.3875,0.0,0.3184170818262968,0.0
No infrastructure feedback,32,0.1,80,2000,1481010,0,-1,4.765625,0.0,0.2607151983549665,0.0
No infrastructure feedback,32,0.1,80,2000,1481011,0,-1,4.415625,0.0,0.2394216450846276,0.0
No infrastructure feedback,32,0.1,80,2000,1481012,0,-1,5.1125,0.0,0.2998782523074453,0.0
No infrastructure feedback,32,0.1,80,2000,1481013,0,-1,5.69375,0.03125,0.3281360793170325,0.0
No infrastructure feedback,32,0.1,80,2000,1481014,0,-1,4.909375,0.0,0.2723281916880084,0.0
No infrastructure feedback,32,0.1,80,2000,1481015,0,-1,4.7625,0.0,0.2705462491935365,0.0
No infrastructure feedback,32,0.1,80,2000,1481016,0,-1,4.734375,0.0,0.3034501084019471,0.0
No infrastructure feedback,32,0.1,80,2000,1481017,0,-1,4.446875,0.0,0.2562506316640423,0.0
No infrastructure feedback,32,0.1,80,2000,1481018,0,-1,5.446875,0.0,0.3296976225617812,0.0
No infrastructure feedback,32,0.1,80,2000,1481019,0,-1,4.353125,0.0,0.2576246204682856,0.0
No infrastructure feedback,32,0.1,80,2000,1481020,0,-1,4.625,0.0,0.2733961265891569,0.0
No infrastructure feedback,32,0.1,80,2000,1481021,0,-1,4.8375,0.0,0.3003476160538473,0.0
No infrastructure feedback,32,0.1,80,2000,1481022,0,-1,5.25625,0.0,0.2987396899052443,0.0
No infrastructure feedback,32,0.1,80,2000,1481023,0,-1,4.55625,0.0,0.2665181923682638,0.0
No infrastructure feedback,32,0.1,80,2000,1481024,0,-1,4.284375,0.0,0.2443864040630667,0.0
No infrastructure feedback,32,0.1,80,2000,1481025,0,-1,5.340625,0.0,0.3363508841171497,0.0
No infrastructure feedback,32,0.1,80,2000,1481026,0,-1,4.434375,0.0,0.2465889018341674,0.0
No infrastructure feedback,32,0.1,80,2000,1481027,0,-1,4.8,0.0,0.2777438320920976,0.0
No infrastructure feedback,32,0.1,80,2000,1481028,0,-1,5.134375,0.0,0.3044268549397783,0.0
No infrastructure feedback,32,0.1,80,2000,1481029,0,-1,5.04375,0.0,0.3417111471699582,0.0
No infrastructure feedback,32,0.1,80,2000,1481030,0,-1,4.99375,0.0,0.2688393743477128,0.0
No infrastructure feedback,32,0.1,80,2000,1481031,0,-1,6.146875,0.015625,0.3763769491500423,0.0
No infrastructure feedback,32,0.1,80,2000,1481032,0,-1,5.11875,0.0,0.3116005509194411,0.0
No infrastructure feedback,32,0.1,80,2000,1481033,0,-1,4.565625,0.0,0.2911202689734762,0.0
No infrastructure feedback,32,0.1,80,2000,1481034,0,-1,4.38125,0.0,0.249596509170193,0.0
No infrastructure feedback,32,0.1,80,2000,1481035,0,-1,5.55625,0.0,0.3458595110399763,0.0
No infrastructure feedback,32,0.1,80,2000,1481036,0,-1,4.478125,0.0,0.2633845108608565,0.0
No infrastructure feedback,32,0.1,80,2000,1481037,0,-1,5.51875,0.0,0.3336500538300718,0.0
No infrastructure feedback,32,0.1,80,2000,1481038,0,-1,4.89375,0.0,0.2817632119022239,0.0
No infrastructure feedback,32,0.1,80,2000,1481039,0,-1,4.9,0.0,0.2670819185920027,0.0
No infrastructure feedback,32,0.1,80,2000,1481040,0,-1,4.5875,0.0,0.2792549759785556,0.0
No infrastructure feedback,32,0.1,80,2000,1481041,0,-1,4.79375,0.0,0.2652959476844471,0.0
No infrastructure feedback,32,0.1,80,2000,1481042,0,-1,5.16875,0.0,0.3551193856574909,0.0
No infrastructure feedback,32,0.1,80,2000,1481043,0,-1,4.8375,0.0,0.293897109401725,0.0
No infrastructure feedback,32,0.1,80,2000,1481044,0,-1,4.921875,0.0,0.3207715273849636,0.0
No infrastructure feedback,32,0.1,80,2000,1481045,0,-1,5.56875,0.0,0.3447422429359143,0.0
No infrastructure feedback,32,0.1,80,2000,1481046,0,-1,4.809375,0.0,0.2727033879391294,0.0
No infrastructure feedback,32,0.1,80,2000,1481047,0,-1,4.9,0.0,0.2902390883372788,0.0
No infrastructure feedback,32,0.1,80,2000,1481048,0,-1,5.003125,0.0,0.2893407291848823,0.0
No infrastructure feedback,32,0.1,80,2000,1481049,0,-1,4.471875,0.0,0.2615385621394178,0.0
No infrastructure feedback,32,0.16,80,2000,1481600,0,-1,4.6,0.0,0.2647632989907227,0.0
No infrastructure feedback,32,0.16,80,2000,1481601,0,-1,6.0375,0.0,0.370977331589655,0.0
No infrastructure feedback,32,0.16,80,2000,1481602,0,-1,4.828125,0.0,0.2624398876328518,0.0
No infrastructure feedback,32,0.16,80,2000,1481603,0,-1,5.334375,0.0,0.3229128800936854,0.0
No infrastructure feedback,32,0.16,80,2000,1481604,0,-1,4.46875,0.0,0.2614116648486436,0.0
No infrastructure feedback,32,0.16,80,2000,1481605,0,-1,4.80625,0.0,0.290981716547963,0.0
No infrastructure feedback,32,0.16,80,2000,1481606,0,-1,5.45625,0.0125,0.3172077512885734,0.0
No infrastructure feedback,32,0.16,80,2000,1481607,0,-1,4.334375,0.0,0.2724641760776546,0.0
No infrastructure feedback,32,0.16,80,2000,1481608,0,-1,5.559375,0.0,0.3170694492070026,0.0
No infrastructure feedback,32,0.16,80,2000,1481609,0,-1,4.634375,0.0,0.2649705622236521,0.0
No infrastructure feedback,32,0.16,80,2000,1481610,0,-1,4.5625,0.0,0.278201151036591,0.0
No infrastructure feedback,32,0.16,80,2000,1481611,0,-1,5.359375,0.0,0.3261598113920156,0.0
No infrastructure feedback,32,0.16,80,2000,1481612,0,-1,5.15,0.0,0.3230128491353929,0.0
No infrastructure feedback,32,0.16,80,2000,1481613,0,-1,4.759375,0.0,0.3037085266706782,0.0
No infrastructure feedback,32,0.16,80,2000,1481614,0,-1,5.396875,0.0,0.3125480951717326,0.0
No infrastructure feedback,32,0.16,80,2000,1481615,0,-1,4.81875,0.0,0.2953454706023015,0.0
No infrastructure feedback,32,0.16,80,2000,1481616,0,-1,4.65,0.0,0.3048738631060211,0.0
No infrastructure feedback,32,0.16,80,2000,1481617,0,-1,4.64375,0.0,0.2814808547402639,0.0
No infrastructure feedback,32,0.16,80,2000,1481618,0,-1,4.35625,0.0,0.2482399402484459,0.0
No infrastructure feedback,32,0.16,80,2000,1481619,0,-1,4.1125,0.0,0.2507041224128683,0.0
No infrastructure feedback,32,0.16,80,2000,1481620,0,-1,5.334375,0.003125,0.2858290249978641,0.0
No infrastructure feedback,32,0.16,80,2000,1481621,0,-1,4.278125,0.0,0.2441389199114236,0.0
No infrastructure feedback,32,0.16,80,2000,1481622,0,-1,4.871875,0.0,0.2504589715920828,0.0
No infrastructure feedback,32,0.16,80,2000,1481623,0,-1,5.025,0.0,0.3064520915937476,0.0
No infrastructure feedback,32,0.16,80,2000,1481624,0,-1,4.51875,0.0,0.2326908331638137,0.0
No infrastructure feedback,32,0.16,80,2000,1481625,0,-1,6.221875,0.028125,0.3610607139769146,0.0
No infrastructure feedback,32,0.16,80,2000,1481626,0,-1,4.45625,0.0,0.250728522328103,0.0
No infrastructure feedback,32,0.16,80,2000,1481627,0,-1,5.278125,0.0,0.3112019099444527,0.0
No infrastructure feedback,32,0.16,80,2000,1481628,0,-1,4.353125,0.0,0.239071247436258,0.0
No infrastructure feedback,32,0.16,80,2000,1481629,0,-1,4.875,0.0,0.2919338180891677,0.0
No infrastructure feedback,32,0.16,80,2000,1481630,0,-1,4.309375,0.0,0.2500279069999449,0.0
No infrastructure feedback,32,0.16,80,2000,1481631,0,-1,4.759375,0.0,0.2753688651325335,0.0
No infrastructure feedback,32,0.16,80,2000,1481632,0,-1,5.36875,0.0,0.2992837926633777,0.0
No infrastructure feedback,32,0.16,80,2000,1481633,0,-1,5.153125,0.0,0.3344075657539567,0.0
No infrastructure feedback,32,0.16,80,2000,1481634,0,-1,4.85,0.0,0.2789272239718966,0.0
No infrastructure feedback,32,0.16,80,2000,1481635,0,-1,5.246875,0.0,0.3069171724828539,0.0
No infrastructure feedback,32,0.16,80,2000,1481636,0,-1,4.621875,0.0,0.2498810437567634,0.0
No infrastructure feedback,32,0.16,80,2000,1481637,0,-1,5.25625,0.0,0.302336956954461,0.0
No infrastructure feedback,32,0.16,80,2000,1481638,0,-1,4.73125,0.0,0.2662239215107632,0.0
No infrastructure feedback,32,0.16,80,2000,1481639,0,-1,5.165625,0.0,0.3063717752220684,0.0
No infrastructure feedback,32,0.16,80,2000,1481640,0,-1,4.765625,0.0,0.3006502637171174,0.0
No infrastructure feedback,32,0.16,80,2000,1481641,0,-1,5.1,0.0,0.3041427717847169,0.0
No infrastructure feedback,32,0.16,80,2000,1481642,0,-1,4.50625,0.0,0.264935731088762,0.0
No infrastructure feedback,32,0.16,80,2000,1481643,0,-1,4.59375,0.0,0.2719852354874293,0.0
No infrastructure feedback,32,0.16,80,2000,1481644,0,-1,4.484375,0.0,0.2795334772443932,0.0
No infrastructure feedback,32,0.16,80,2000,1481645,0,-1,4.515625,0.0,0.2686957142383684,0.0
No infrastructure feedback,32,0.16,80,2000,1481646,0,-1,5.2125,0.0,0.3173682579008187,0.0
No infrastructure feedback,32,0.16,80,2000,1481647,0,-1,4.215625,0.0,0.2393983391195258,0.0
No infrastructure feedback,32,0.16,80,2000,1481648,0,-1,4.578125,0.0,0.2691469482259112,0.0
No infrastructure feedback,32,0.16,80,2000,1481649,0,-1,4.175,0.0,0.2319511351990319,0.0
No recombination,2,0.03,40,1000,1140300,0,-1,1.059375,0.0,0.2440189609784828,0.0060993694066394
No recombination,2,0.03,40,1000,1140301,0,-1,0.996875,0.0,0.2214599868126986,0.0060727989679821
No recombination,2,0.03,40,1000,1140302,0,-1,1.096875,0.0,0.2254621127229535,0.0061591870501957
No recombination,2,0.03,40,1000,1140303,0,-1,1.1,0.0,0.2519237551256598,0.0063390325354166
No recombination,2,0.03,40,1000,1140304,0,-1,1.053125,0.0,0.2327160281385175,0.0063633133945284
No recombination,2,0.03,40,1000,1140305,0,-1,1.19375,0.0,0.2885542445710187,0.0064584844144965
No recombination,2,0.03,40,1000,1140306,0,-1,1.025,0.0,0.2293720217218011,0.0062971495542151
No recombination,2,0.03,40,1000,1140307,0,-1,1.2,0.0,0.2890267416252214,0.006883183512359
No recombination,2,0.03,40,1000,1140308,0,-1,1.059375,0.0,0.2303539520566487,0.0061774001877964
No recombination,2,0.03,40,1000,1140309,0,-1,1.090625,0.0,0.2284616338136872,0.0062185418777652
No recombination,2,0.03,40,1000,1140310,0,-1,1.075,0.0,0.241323200944364,0.0061314001009706
No recombination,2,0.03,40,1000,1140311,0,-1,0.990625,0.0,0.2444872762962691,0.0059092131061662
No recombination,2,0.03,40,1000,1140312,0,-1,1.1,0.0,0.2520154972845133,0.0066623885317958
No recombination,2,0.03,40,1000,1140313,0,-1,1.090625,0.0,0.2235845993043493,0.0062414217680636
No recombination,2,0.03,40,1000,1140314,0,-1,1.15,0.0,0.2410739762662014,0.0063443655429978
No recombination,2,0.03,40,1000,1140315,0,-1,1.0875,0.0,0.2128767696340515,0.005978366087429
No recombination,2,0.03,40,1000,1140316,0,-1,1.209375,0.0,0.2358300746895291,0.0066702381771159
No recombination,2,0.03,40,1000,1140317,0,-1,0.99375,0.0,0.222302409339425,0.0060650077309225
No recombination,2,0.03,40,1000,1140318,0,-1,0.96875,0.0,0.1896894243229238,0.005805107637743
No recombination,2,0.03,40,1000,1140319,0,-1,1.10625,0.0,0.2460481255573182,0.0062591066387636
No recombination,2,0.03,40,1000,1140320,0,-1,0.84375,0.0,0.187027493323066,0.0057613242986222
No recombination,2,0.03,40,1000,1140321,0,-1,1.15625,0.0,0.2661102555249489,0.006234108947369
No recombination,2,0.03,40,1000,1140322,0,-1,1.146875,0.0,0.2899040557684302,0.0063504883380539
No recombination,2,0.03,40,1000,1140323,0,-1,1.084375,0.0,0.2183658193540888,0.0062223530080133
No recombination,2,0.03,40,1000,1140324,0,-1,1.1375,0.0,0.2727598451105745,0.0066727260940273
No recombination,2,0.03,40,1000,1140325,0,-1,1.115625,0.0,0.2273475051177194,0.0063025631416392
No recombination,2,0.03,40,1000,1140326,0,-1,1.13125,0.0,0.2358015419114427,0.0061075830116237
No recombination,2,0.03,40,1000,1140327,0,-1,1.134375,0.0,0.2625051281537672,0.0064180042790365
No recombination,2,0.03,40,1000,1140328,0,-1,0.946875,0.0,0.2104181346528227,0.0058982756414548
No recombination,2,0.03,40,1000,1140329,0,-1,1.040625,0.0,0.2037350183610769,0.0059197965524074
No recombination,2,0.03,40,1000,1140330,0,-1,1.0125,0.0,0.2190822358735044,0.0061017260147481
No recombination,2,0.03,40,1000,1140331,0,-1,1.203125,0.0,0.2663177178471733,0.0063765467181738
No recombination,2,0.03,40,1000,1140332,0,-1,1.078125,0.0,0.227940226330835,0.0062179329977596
No recombination,2,0.03,40,1000,1140333,0,-1,1.04375,0.0,0.2386962826923118,0.0062524669688094
No recombination,2,0.03,40,1000,1140334,0,-1,0.953125,0.0,0.2012949752308874,0.0057697388035587
No recombination,2,0.03,40,1000,1140335,0,-1,1.0375,0.0,0.2216223817619164,0.0059178149860162
No recombination,2,0.03,40,1000,1140336,0,-1,1.04375,0.0,0.203846722248984,0.0058491986045269
No recombination,2,0.03,40,1000,1140337,0,-1,1.065625,0.0,0.2141779921220215,0.0062915485466825
No recombination,2,0.03,40,1000,1140338,0,-1,1.03125,0.0,0.2140655177206042,0.0062647276193686
No recombination,2,0.03,40,1000,1140339,0,-1,1.10625,0.0,0.2410993496631433,0.0065747438469817
No recombination,2,0.03,40,1000,1140340,0,-1,1.034375,0.0,0.2347897163312415,0.0064103049050954
No recombination,2,0.03,40,1000,1140341,0,-1,1.140625,0.0,0.233939076683431,0.0064892408560506
No recombination,2,0.03,40,1000,1140342,0,-1,1.0625,0.0,0.2381106213791413,0.0066487586742817
No recombination,2,0.03,40,1000,1140343,0,-1,1.075,0.0,0.2188996583643001,0.0061002891950933
No recombination,2,0.03,40,1000,1140344,0,-1,1.153125,0.0,0.2400863759675579,0.006284316654002
No recombination,2,0.03,40,1000,1140345,0,-1,1.240625,0.0,0.2901396800539694,0.0068167461703103
No recombination,2,0.03,40,1000,1140346,0,-1,1.06875,0.0,0.2439115610886044,0.0065193989530741
No recombination,2,0.03,40,1000,1140347,0,-1,1.159375,0.0,0.236880016295999,0.0065951130432826
No recombination,2,0.03,40,1000,1140348,0,-1,1.109375,0.0,0.2233338791781358,0.0063000742141135
No recombination,2,0.03,40,1000,1140349,0,-1,0.940625,0.0,0.1846246441121418,0.0057089431073373
No recombination,2,0.06,40,1000,1140600,0,-1,1.025,0.0,0.2152533757372129,0.0063268448651852
No recombination,2,0.06,40,1000,1140601,0,-1,0.98125,0.0,0.2213313277565632,0.0064628912748373
No recombination,2,0.06,40,1000,1140602,0,-1,1.021875,0.0,0.2056035256472989,0.0061908059931566
No recombination,2,0.06,40,1000,1140603,0,-1,1.025,0.0,0.244034972954371,0.0063167451670084
No recombination,2,0.06,40,1000,1140604,0,-1,1.153125,0.0,0.2340774606291916,0.0065619562055957
No recombination,2,0.06,40,1000,1140605,0,-1,1.065625,0.0,0.2439485290333019,0.0062878096858259
No recombination,2,0.06,40,1000,1140606,0,-1,1.01875,0.0,0.2188375523514611,0.006025172494773
No recombination,2,0.06,40,1000,1140607,0,-1,1.084375,0.0,0.2165965416994114,0.0060846476771266
No recombination,2,0.06,40,1000,1140608,0,-1,0.98125,0.0,0.2153827763675145,0.0062176797382205
No recombination,2,0.06,40,1000,1140609,0,-1,0.984375,0.0,0.1989350163003027,0.0059226452768366
No recombination,2,0.06,40,1000,1140610,0,-1,0.959375,0.0,0.2328276758044812,0.0060062538936688
No recombination,2,0.06,40,1000,1140611,0,-1,1.0625,0.0,0.2219207079507172,0.0064094230648905
No recombination,2,0.06,40,1000,1140612,0,-1,0.93125,0.0,0.2128484369569273,0.005823912420357
No recombination,2,0.06,40,1000,1140613,0,-1,1.06875,0.0,0.2443167721480785,0.0062019255884674
No recombination,2,0.06,40,1000,1140614,0,-1,1.078125,0.0,0.2362193848823173,0.0058489784941216
No recombination,2,0.06,40,1000,1140615,0,-1,1.196875,0.0,0.245800529795747,0.0066392239881022
No recombination,2,0.06,40,1000,1140616,0,-1,1.078125,0.0,0.2301116200669602,0.0059253527574975
No recombination,2,0.06,40,1000,1140617,0,-1,1.084375,0.0,0.2138859481185902,0.0060530539573401
No recombination,2,0.06,40,1000,1140618,0,-1,1.209375,0.0,0.2464286039277343,0.0066680373066795
No recombination,2,0.06,40,1000,1140619,0,-1,1.109375,0.0,0.2294408692207845,0.006167103071884
No recombination,2,0.06,40,1000,1140620,0,-1,1.01875,0.0,0.225178453355703,0.0061340649412699
No recombination,2,0.06,40,1000,1140621,0,-1,1.09375,0.0,0.237746818990454,0.0062044094934544
No recombination,2,0.06,40,1000,1140622,0,-1,0.978125,0.0,0.2092219670073594,0.0060906121841899
No recombination,2,0.06,40,1000,1140623,0,-1,1.046875,0.0,0.2459669608260989,0.0059520577563485
No recombination,2,0.06,40,1000,1140624,0,-1,1.065625,0.0,0.2135570279575867,0.0063132212931501
No recombination,2,0.06,40,1000,1140625,0,-1,1.15625,0.0,0.2659266429371522,0.0068471294867645
No recombination,2,0.06,40,1000,1140626,0,-1,0.959375,0.0,0.2021405195632382,0.0059309267610881
No recombination,2,0.06,40,1000,1140627,0,-1,1.003125,0.0,0.2397027211434699,0.0062133999446794
No recombination,2,0.06,40,1000,1140628,0,-1,1.1875,0.0,0.2609607711909036,0.0066733162133489
No recombination,2,0.06,40,1000,1140629,0,-1,0.946875,0.0,0.2263495523568755,0.0059812585328974
No recombination,2,0.06,40,1000,1140630,0,-1,0.9375,0.0,0.1805520425048689,0.0059061553654109
No recombination,2,0.06,40,1000,1140631,0,-1,1.075,0.0,0.2517229580366978,0.0062967284904509
No recombination,2,0.06,40,1000,1140632,0,-1,1.11875,0.0,0.2430624569199619,0.0062723147503193
No recombination,2,0.06,40,1000,1140633,0,-1,1.0,0.0,0.2026274259931449,0.0061669901947602
No recombination,2,0.06,40,1000,1140634,0,-1,1.015625,0.0,0.2437584329187266,0.0063033331093058
No recombination,2,0.06,40,1000,1140635,0,-1,1.040625,0.0,0.2214919346883059,0.0058950647293056
No recombination,2,0.06,40,1000,1140636,0,-1,1.00625,0.0,0.1977946388404545,0.0058479674690457
No recombination,2,0.06,40,1000,1140637,0,-1,1.109375,0.0,0.2529829539750329,0.0060036683012813
No recombination,2,0.06,40,1000,1140638,0,-1,1.059375,0.0,0.2310131749553143,0.0060358940249053
No recombination,2,0.06,40,1000,1140639,0,-1,0.953125,0.0,0.1995027828641423,0.0059269794710399
No recombination,2,0.06,40,1000,1140640,0,-1,1.115625,0.0,0.2306845003861581,0.006236999173892
No recombination,2,0.06,40,1000,1140641,0,-1,1.05,0.0,0.2078754336816178,0.0059122338284841
No recombination,2,0.06,40,1000,1140642,0,-1,1.10625,0.0,0.2470432887131519,0.0062733545338492
No recombination,2,0.06,40,1000,1140643,0,-1,1.1375,0.0,0.2639255419770183,0.0067501225339561
No recombination,2,0.06,40,1000,1140644,0,-1,1.09375,0.0,0.2661065595088898,0.0064408519606657
No recombination,2,0.06,40,1000,1140645,0,-1,1.0375,0.0,0.2360981984017309,0.0063542783153105
No recombination,2,0.06,40,1000,1140646,0,-1,1.078125,0.0,0.2221715539183141,0.0061109095999933
No recombination,2,0.06,40,1000,1140647,0,-1,1.0625,0.0,0.2083429560156021,0.0062860599884106
No recombination,2,0.06,40,1000,1140648,0,-1,1.025,0.0,0.202095404184538,0.0061432875123882
No recombination,2,0.06,40,1000,1140649,0,-1,0.890625,0.0,0.2012011524259352,0.0058159050385305
No recombination,2,0.1,40,1000,1141000,0,-1,1.05,0.0,0.188346714912146,0.0060685153219564
No recombination,2,0.1,40,1000,1141001,0,-1,1.06875,0.0,0.2172879139683969,0.0059688589197315
No recombination,2,0.1,40,1000,1141002,0,-1,0.959375,0.0,0.2249021584709779,0.0059357876548988
No recombination,2,0.1,40,1000,1141003,0,-1,1.096875,0.0,0.2531843869560257,0.0067213548086028
No recombination,2,0.1,40,1000,1141004,0,-1,1.096875,0.0,0.2554790450464581,0.0063692887625204
No recombination,2,0.1,40,1000,1141005,0,-1,0.890625,0.0,0.2179435510023921,0.0061595230758825
No recombination,2,0.1,40,1000,1141006,0,-1,0.959375,0.0,0.1988406977734867,0.0060115817608276
No recombination,2,0.1,40,1000,1141007,0,-1,1.140625,0.0,0.2438354032136396,0.006497536963901
No recombination,2,0.1,40,1000,1141008,0,-1,1.15625,0.0,0.2149458442169192,0.0060164888676463
No recombination,2,0.1,40,1000,1141009,0,-1,1.140625,0.0,0.2670181778762735,0.0062420731564653
No recombination,2,0.1,40,1000,1141010,0,-1,1.0375,0.0,0.2072158818872101,0.0064597868839142
No recombination,2,0.1,40,1000,1141011,0,-1,1.046875,0.0,0.2132370692830633,0.0061728228117106
No recombination,2,0.1,40,1000,1141012,0,-1,1.034375,0.0,0.2238128903089857,0.0059748816971848
No recombination,2,0.1,40,1000,1141013,0,-1,1.09375,0.0,0.239914368849739,0.0062620397366246
No recombination,2,0.1,40,1000,1141014,0,-1,1.059375,0.0,0.2104041126453776,0.0061023202345212
No recombination,2,0.1,40,1000,1141015,0,-1,1.18125,0.0,0.2446081554190165,0.0065507627783379
No recombination,2,0.1,40,1000,1141016,0,-1,1.075,0.0,0.2389813917667863,0.0061078095656431
No recombination,2,0.1,40,1000,1141017,0,-1,1.046875,0.0,0.2385322300324798,0.0060195840426421
No recombination,2,0.1,40,1000,1141018,0,-1,1.0375,0.0,0.228177946879471,0.0065749511084569
No recombination,2,0.1,40,1000,1141019,0,-1,1.05,0.0,0.2333600701701135,0.0063666057220923
No recombination,2,0.1,40,1000,1141020,0,-1,1.184375,0.0,0.2564431109658603,0.0068437232323931
No recombination,2,0.1,40,1000,1141021,0,-1,1.165625,0.0,0.2670910171108764,0.0066245874481058
No recombination,2,0.1,40,1000,1141022,0,-1,0.953125,0.0,0.2096459400933749,0.0057946547785969
No recombination,2,0.1,40,1000,1141023,0,-1,1.0375,0.0,0.2440010916320186,0.0066224168636707
No recombination,2,0.1,40,1000,1141024,0,-1,1.0125,0.0,0.2176070448902528,0.0059861422598923
No recombination,2,0.1,40,1000,1141025,0,-1,1.03125,0.0,0.1980328159641376,0.0059871111365242
No recombination,2,0.1,40,1000,1141026,0,-1,1.2375,0.0,0.2878165036542405,0.0071073094527405
No recombination,2,0.1,40,1000,1141027,0,-1,1.0,0.0,0.213337825391226,0.0062578428131577
No recombination,2,0.1,40,1000,1141028,0,-1,1.171875,0.0,0.2382900145521624,0.006542508592832
No recombination,2,0.1,40,1000,1141029,0,-1,1.00625,0.0,0.1879940041260831,0.0058421719588222
No recombination,2,0.1,40,1000,1141030,0,-1,1.178125,0.0,0.2388537569328591,0.0062482345645448
No recombination,2,0.1,40,1000,1141031,0,-1,1.090625,0.0,0.223901928285008,0.006121659959058
No recombination,2,0.1,40,1000,1141032,0,-1,1.040625,0.0,0.22830478147462,0.0061834757220243
No recombination,2,0.1,40,1000,1141033,0,-1,0.965625,0.0,0.2075143852070894,0.0057906298443893
No recombination,2,0.1,40,1000,1141034,0,-1,1.109375,0.0,0.2274703605283832,0.0062494537180296
No recombination,2,0.1,40,1000,1141035,0,-1,1.046875,0.0,0.2277790103212521,0.0062222760635855
No recombination,2,0.1,40,1000,1141036,0,-1,0.975,0.0,0.1966360722194234,0.0061936876745011
No recombination,2,0.1,40,1000,1141037,0,-1,0.9375,0.0,0.185569931109852,0.0058483535474649
No recombination,2,0.1,40,1000,1141038,0,-1,1.04375,0.0,0.2270559087556088,0.0061230107599871
No recombination,2,0.1,40,1000,1141039,0,-1,1.046875,0.0,0.2177688785318239,0.0060828444272498
No recombination,2,0.1,40,1000,1141040,0,-1,1.021875,0.0,0.2240091575210868,0.0060586754733926
No recombination,2,0.1,40,1000,1141041,0,-1,1.103125,0.0,0.2686888690528273,0.0064558402716764
No recombination,2,0.1,40,1000,1141042,0,-1,1.078125,0.0,0.2707388984531377,0.0065510393369317
No recombination,2,0.1,40,1000,1141043,0,-1,1.090625,0.0,0.2303981217915728,0.0065850374283402
No recombination,2,0.1,40,1000,1141044,0,-1,1.05625,0.0,0.2141657132532528,0.0058816197437472
No recombination,2,0.1,40,1000,1141045,0,-1,1.265625,0.0,0.2648610114561577,0.0063558975130551
No recombination,2,0.1,40,1000,1141046,0,-1,1.0125,0.0,0.2455351102481987,0.0059525026349226
No recombination,2,0.1,40,1000,1141047,0,-1,1.1,0.0,0.2118531868844467,0.0068226166848505
No recombination,2,0.1,40,1000,1141048,0,-1,1.015625,0.0,0.2341200177800305,0.0063313078860103
No recombination,2,0.1,40,1000,1141049,0,-1,0.965625,0.0,0.2157078852995315,0.0056708900819119
No recombination,2,0.16,40,1000,1141600,0,-1,1.04375,0.0,0.2034768855348059,0.0060448236101537
No recombination,2,0.16,40,1000,1141601,0,-1,0.990625,0.0,0.2393608333433555,0.0061705291150303
No recombination,2,0.16,40,1000,1141602,0,-1,1.1,0.0,0.2365584937814782,0.0062809412613991
No recombination,2,0.16,40,1000,1141603,0,-1,1.121875,0.0,0.215047184678304,0.0060029387876182
No recombination,2,0.16,40,1000,1141604,0,-1,1.034375,0.0,0.2339937435007094,0.0064886379725291
No recombination,2,0.16,40,1000,1141605,0,-1,1.0,0.0,0.2114938170999423,0.006581491634955
No recombination,2,0.16,40,1000,1141606,0,-1,1.1,0.0,0.2406439173544396,0.006006894163962
No recombination,2,0.16,40,1000,1141607,0,-1,1.0,0.0,0.2277151392222017,0.0059525403358684
No recombination,2,0.16,40,1000,1141608,0,-1,1.053125,0.0,0.2170349373328786,0.0060634571715179
No recombination,2,0.16,40,1000,1141609,0,-1,0.971875,0.0,0.192408204122412,0.0060679280564869
No recombination,2,0.16,40,1000,1141610,0,-1,0.953125,0.0,0.2218037434390583,0.0059837416119027
No recombination,2,0.16,40,1000,1141611,0,-1,1.140625,0.0,0.2411541379829517,0.0066649510800183
No recombination,2,0.16,40,1000,1141612,0,-1,1.146875,0.0,0.2779296308017907,0.006556838380825
No recombination,2,0.16,40,1000,1141613,0,-1,1.01875,0.0,0.2297937250470758,0.0059277755492614
No recombination,2,0.16,40,1000,1141614,0,-1,1.109375,0.0,0.2488479300330795,0.0062825180345716
No recombination,2,0.16,40,1000,1141615,0,-1,1.1875,0.0,0.2466683344901881,0.0063265161774634
No recombination,2,0.16,40,1000,1141616,0,-1,0.9375,0.0,0.2167331924345126,0.0061323419925106
No recombination,2,0.16,40,1000,1141617,0,-1,1.115625,0.0,0.2493758721659126,0.0064447589905039
No recombination,2,0.16,40,1000,1141618,0,-1,1.078125,0.0,0.2265899405564434,0.006188646393547
No recombination,2,0.16,40,1000,1141619,0,-1,1.0,0.0,0.2016340209633147,0.0062789432426231
No recombination,2,0.16,40,1000,1141620,0,-1,1.065625,0.0,0.22280237352701,0.0061324154010733
No recombination,2,0.16,40,1000,1141621,0,-1,1.1,0.0,0.2220820350605166,0.0061928370126489
No recombination,2,0.16,40,1000,1141622,0,-1,1.05,0.0,0.23397822793429,0.0060931654317645
No recombination,2,0.16,40,1000,1141623,0,-1,1.125,0.0,0.2292605385244792,0.0062242066172989
No recombination,2,0.16,40,1000,1141624,0,-1,1.053125,0.0,0.2131815641087217,0.0061018238855789
No recombination,2,0.16,40,1000,1141625,0,-1,1.140625,0.0,0.2476269454245599,0.0064828759049306
No recombination,2,0.16,40,1000,1141626,0,-1,1.0625,0.0,0.2237991370255591,0.0061325050873416
No recombination,2,0.16,40,1000,1141627,0,-1,0.96875,0.0,0.1911591546411224,0.0059205699620279
No recombination,2,0.16,40,1000,1141628,0,-1,1.009375,0.0,0.2414092794564117,0.0061926198330193
No recombination,2,0.16,40,1000,1141629,0,-1,1.0,0.0,0.2136977982693183,0.0061729912887605
No recombination,2,0.16,40,1000,1141630,0,-1,1.01875,0.0,0.2362478263153122,0.0061325423548396
No recombination,2,0.16,40,1000,1141631,0,-1,0.9875,0.0,0.2151876310230956,0.0062828434657494
No recombination,2,0.16,40,1000,1141632,0,-1,1.184375,0.0,0.2579232538472376,0.0065720921012416
No recombination,2,0.16,40,1000,1141633,0,-1,1.1375,0.0,0.2330582505586379,0.0064359916480609
No recombination,2,0.16,40,1000,1141634,0,-1,1.21875,0.0,0.2608208428939888,0.0062135033420578
No recombination,2,0.16,40,1000,1141635,0,-1,1.040625,0.0,0.2276152085400655,0.0062823707185889
No recombination,2,0.16,40,1000,1141636,0,-1,1.153125,0.0,0.2441240518022923,0.006538536783426
No recombination,2,0.16,40,1000,1141637,0,-1,1.084375,0.0,0.2312903332426469,0.0061352633500003
No recombination,2,0.16,40,1000,1141638,0,-1,1.078125,0.0,0.2285069037295863,0.0062465220082208
No recombination,2,0.16,40,1000,1141639,0,-1,0.996875,0.0,0.2234574368261749,0.0060457455252056
No recombination,2,0.16,40,1000,1141640,0,-1,0.978125,0.0,0.2034566716131206,0.0061052012452455
No recombination,2,0.16,40,1000,1141641,0,-1,1.175,0.0,0.2376024705313706,0.0063902605777176
No recombination,2,0.16,40,1000,1141642,0,-1,0.9375,0.0,0.2212516204456288,0.0060284093008536
No recombination,2,0.16,40,1000,1141643,0,-1,1.0125,0.0,0.2511480479187459,0.0060032555192752
No recombination,2,0.16,40,1000,1141644,0,-1,1.021875,0.0,0.2486513221529468,0.0057880496159538
No recombination,2,0.16,40,1000,1141645,0,-1,1.01875,0.0,0.2358759965973334,0.006104408397077
No recombination,2,0.16,40,1000,1141646,0,-1,1.1375,0.0,0.2417432876807665,0.0065088214422846
No recombination,2,0.16,40,1000,1141647,0,-1,0.99375,0.0,0.2076712436565469,0.0060019180304354
No recombination,2,0.16,40,1000,1141648,0,-1,1.20625,0.0,0.2481854454268373,0.0065802915755346
No recombination,2,0.16,40,1000,1141649,0,-1,1.090625,0.0,0.215801212304326,0.006426104939326
No recombination,2,0.03,60,1500,1160300,0,-1,1.140625,0.0,0.2269507179999724,0.0066284736238839
No recombination,2,0.03,60,1500,1160301,0,-1,1.003125,0.0,0.2189622202466861,0.0062462347865906
No recombination,2,0.03,60,1500,1160302,0,-1,1.18125,0.0,0.2322803152293349,0.0062363006028883
No recombination,2,0.03,60,1500,1160303,0,-1,1.0125,0.0,0.2291992951384755,0.0060228464850161
No recombination,2,0.03,60,1500,1160304,0,-1,0.98125,0.0,0.2204922572371678,0.0061242393034273
No recombination,2,0.03,60,1500,1160305,0,-1,1.00625,0.0,0.2034518063490151,0.0061456604393478
No recombination,2,0.03,60,1500,1160306,0,-1,1.2,0.0,0.2571981688190592,0.0067533380963376
No recombination,2,0.03,60,1500,1160307,0,-1,1.21875,0.0,0.2718809749167202,0.0066630190812195
No recombination,2,0.03,60,1500,1160308,0,-1,1.08125,0.0,0.2364619477443448,0.0062193485461165
No recombination,2,0.03,60,1500,1160309,0,-1,1.11875,0.0,0.2539944437146819,0.0066439267346324
No recombination,2,0.03,60,1500,1160310,0,-1,1.08125,0.0,0.2271022203600748,0.0057745864221148
No recombination,2,0.03,60,1500,1160311,0,-1,1.146875,0.0,0.2543850221602582,0.0066821645739814
No recombination,2,0.03,60,1500,1160312,0,-1,1.00625,0.0,0.2011839001789505,0.005877506296494
No recombination,2,0.03,60,1500,1160313,0,-1,0.946875,0.0,0.2430570431123143,0.0060478035519459
No recombination,2,0.03,60,1500,1160314,0,-1,1.2,0.0,0.2613344115210413,0.0064815031208672
No recombination,2,0.03,60,1500,1160315,0,-1,1.034375,0.0,0.2455213988020058,0.0065450490744575
No recombination,2,0.03,60,1500,1160316,0,-1,1.190625,0.0,0.2481228769563816,0.0062470360519233
No recombination,2,0.03,60,1500,1160317,0,-1,0.971875,0.0,0.2059260042542944,0.0058548205948314
No recombination,2,0.03,60,1500,1160318,0,-1,1.08125,0.0,0.2609051602849883,0.0061074516120965
No recombination,2,0.03,60,1500,1160319,0,-1,1.2,0.0,0.2652124933828851,0.0069130991724712
No recombination,2,0.03,60,1500,1160320,0,-1,0.965625,0.0,0.2366824209874648,0.0060272549786456
No recombination,2,0.03,60,1500,1160321,0,-1,1.046875,0.0,0.2271901482162632,0.0060383667964119
No recombination,2,0.03,60,1500,1160322,0,-1,1.01875,0.0,0.2158912205469523,0.0061154775914606
No recombination,2,0.03,60,1500,1160323,0,-1,1.03125,0.0,0.223949554781248,0.0058879706821612
No recombination,2,0.03,60,1500,1160324,0,-1,1.053125,0.0,0.1854993190806651,0.0061397927949475
No recombination,2,0.03,60,1500,1160325,0,-1,1.05625,0.0,0.2267072041154454,0.0062800043567998
No recombination,2,0.03,60,1500,1160326,0,-1,1.159375,0.0,0.2820128393636433,0.0062851442874601
No recombination,2,0.03,60,1500,1160327,0,-1,1.06875,0.0,0.2469204126216871,0.0061859384113294
No recombination,2,0.03,60,1500,1160328,0,-1,1.015625,0.0,0.2237360209847668,0.0063451961299309
No recombination,2,0.03,60,1500,1160329,0,-1,0.971875,0.0,0.2180314496146381,0.0060367200584152
No recombination,2,0.03,60,1500,1160330,0,-1,1.196875,0.0,0.2785516580198247,0.0066422225021321
No recombination,2,0.03,60,1500,1160331,0,-1,1.096875,0.0,0.2107043997378618,0.006099526046147
No recombination,2,0.03,60,1500,1160332,0,-1,1.084375,0.0,0.2474251732360019,0.0060807047908674
No recombination,2,0.03,60,1500,1160333,0,-1,1.271875,0.0,0.2814967283935452,0.0067216930466761
No recombination,2,0.03,60,1500,1160334,0,-1,1.021875,0.0,0.2228833621159576,0.0061469829971701
No recombination,2,0.03,60,1500,1160335,0,-1,1.040625,0.0,0.2444444709123701,0.0060825916698603
No recombination,2,0.03,60,1500,1160336,0,-1,1.034375,0.0,0.2124602590294915,0.0061584687620649
No recombination,2,0.03,60,1500,1160337,0,-1,1.053125,0.0,0.2228166786635081,0.0061503488085969
No recombination,2,0.03,60,1500,1160338,0,-1,1.178125,0.0,0.2634252533176649,0.0064287773772135
No recombination,2,0.03,60,1500,1160339,0,-1,1.0625,0.0,0.2238484714251133,0.0065058171006491
No recombination,2,0.03,60,1500,1160340,0,-1,1.21875,0.0,0.2747756973928157,0.0062766847062582
No recombination,2,0.03,60,1500,1160341,0,-1,1.053125,0.0,0.2382108512092819,0.0061288754746117
No recombination,2,0.03,60,1500,1160342,0,-1,0.98125,0.0,0.189646339723774,0.0058873869994045
No recombination,2,0.03,60,1500,1160343,0,-1,1.034375,0.0,0.2436059978656093,0.0068108424498821
No recombination,2,0.03,60,1500,1160344,0,-1,0.99375,0.0,0.2265731913250341,0.0061296179772405
No recombination,2,0.03,60,1500,1160345,0,-1,1.071875,0.0,0.2124994876208875,0.0062041214452766
No recombination,2,0.03,60,1500,1160346,0,-1,1.053125,0.0,0.2199557490138556,0.0059622540106935
No recombination,2,0.03,60,1500,1160347,0,-1,1.053125,0.0,0.2917405362124838,0.0069075359934248
No recombination,2,0.03,60,1500,1160348,0,-1,1.040625,0.0,0.2034137585852461,0.0059024137933588
No recombination,2,0.03,60,1500,1160349,0,-1,1.09375,0.0,0.2144907504395262,0.0062647778216921
No recombination,2,0.06,60,1500,1160600,0,-1,1.1125,0.0,0.2601786173636808,0.0063567333453698
No recombination,2,0.06,60,1500,1160601,0,-1,0.984375,0.0,0.2272435365025014,0.006203877729656
No recombination,2,0.06,60,1500,1160602,0,-1,1.0375,0.0,0.2258131590789979,0.0061839499718173
No recombination,2,0.06,60,1500,1160603,0,-1,1.115625,0.0,0.2302684855850262,0.0063686100565283
No recombination,2,0.06,60,1500,1160604,0,-1,0.96875,0.0,0.1964200373995219,0.0059246693978073
No recombination,2,0.06,60,1500,1160605,0,-1,1.05625,0.0,0.1908424157139193,0.0058613283912897
No recombination,2,0.06,60,1500,1160606,0,-1,1.184375,0.0,0.2604075026658504,0.0062379304901735
No recombination,2,0.06,60,1500,1160607,0,-1,1.065625,0.0,0.2318032735751535,0.0060595538248482
No recombination,2,0.06,60,1500,1160608,0,-1,1.021875,0.0,0.2589839768207834,0.0066812821267955
No recombination,2,0.06,60,1500,1160609,0,-1,1.078125,0.0,0.2065923035266744,0.0062378819293246
No recombination,2,0.06,60,1500,1160610,0,-1,1.05,0.0,0.2089307720493976,0.0059684432481594
No recombination,2,0.06,60,1500,1160611,0,-1,1.115625,0.0,0.2472618343906916,0.0062018654972859
No recombination,2,0.06,60,1500,1160612,0,-1,1.0875,0.0,0.2471979968990379,0.0065830430906217
No recombination,2,0.06,60,1500,1160613,0,-1,0.99375,0.0,0.2259409006628551,0.005958070647632
No recombination,2,0.06,60,1500,1160614,0,-1,1.1,0.0,0.2197987021977934,0.0059737933508417
No recombination,2,0.06,60,1500,1160615,0,-1,1.1125,0.0,0.2145435923424946,0.0064104414983652
No recombination,2,0.06,60,1500,1160616,0,-1,0.975,0.0,0.1857209921440191,0.005894407134212
No recombination,2,0.06,60,1500,1160617,0,-1,1.15,0.0,0.2415540439192184,0.0063983678486992
No recombination,2,0.06,60,1500,1160618,0,-1,0.99375,0.0,0.1864140626079118,0.0058146347985079
No recombination,2,0.06,60,1500,1160619,0,-1,1.046875,0.0,0.2441951562484702,0.0062228953007378
No recombination,2,0.06,60,1500,1160620,0,-1,1.10625,0.0,0.2555557803434693,0.0064461121954281
No recombination,2,0.06,60,1500,1160621,0,-1,1.0625,0.0,0.2287638578970988,0.0060623701754904
No recombination,2,0.06,60,1500,1160622,0,-1,0.996875,0.0,0.207085403427521,0.0058036377628019
No recombination,2,0.06,60,1500,1160623,0,-1,1.146875,0.0,0.2818838479744205,0.0068420511936751
No recombination,2,0.06,60,1500,1160624,0,-1,1.034375,0.0,0.2702542192308348,0.006335118992549
No recombination,2,0.06,60,1500,1160625,0,-1,1.075,0.0,0.2163895021068246,0.0063573922501159
No recombination,2,0.06,60,1500,1160626,0,-1,1.028125,0.0,0.2199168883390835,0.0062806230431716
No recombination,2,0.06,60,1500,1160627,0,-1,1.015625,0.0,0.2285981961072802,0.006146389482344
No recombination,2,0.06,60,1500,1160628,0,-1,1.025,0.0,0.2097099166871497,0.006096152811669
No recombination,2,0.06,60,1500,1160629,0,-1,1.084375,0.0,0.2270146918361983,0.0062775185236624
No recombination,2,0.06,60,1500,1160630,0,-1,0.978125,0.0,0.208647774975792,0.0058139897839808
No recombination,2,0.06,60,1500,1160631,0,-1,1.128125,0.0,0.2232952998089023,0.006263715313032
No recombination,2,0.06,60,1500,1160632,0,-1,1.090625,0.0,0.2482413684013663,0.0061894337904381
No recombination,2,0.06,60,1500,1160633,0,-1,1.040625,0.0,0.2567992127511827,0.0064082148920094
No recombination,2,0.06,60,1500,1160634,0,-1,1.0625,0.0,0.1905626102280925,0.0060738920293016
No recombination,2,0.06,60,1500,1160635,0,-1,1.196875,0.0,0.2772767715753863,0.006260439293377
No recombination,2,0.06,60,1500,1160636,0,-1,1.021875,0.0,0.2287092045856557,0.006151674571748
No recombination,2,0.06,60,1500,1160637,0,-1,1.0625,0.0,0.2406576278599039,0.0061785196266914
No recombination,2,0.06,60,1500,1160638,0,-1,1.228125,0.0,0.2471770594133903,0.0067163976443695
No recombination,2,0.06,60,1500,1160639,0,-1,0.921875,0.0,0.1728024895989864,0.0059423406256411
No recombination,2,0.06,60,1500,1160640,0,-1,0.978125,0.0,0.2065543775124289,0.0058699104428581
No recombination,2,0.06,60,1500,1160641,0,-1,0.996875,0.0,0.2087116227141377,0.0060571162327332
No recombination,2,0.06,60,1500,1160642,0,-1,1.046875,0.0,0.237801727120208,0.0061898392705612
No recombination,2,0.06,60,1500,1160643,0,-1,1.153125,0.0,0.2766261649197798,0.0067283241419362
No recombination,2,0.06,60,1500,1160644,0,-1,1.046875,0.0,0.2171718025860503,0.0061983629354969
No recombination,2,0.06,60,1500,1160645,0,-1,0.984375,0.0,0.2074288650157087,0.0062704046653363
No recombination,2,0.06,60,1500,1160646,0,-1,0.93125,0.0,0.2083596976270365,0.0060940319427288
No recombination,2,0.06,60,1500,1160647,0,-1,1.009375,0.0,0.2116367752802132,0.0059380451085427
No recombination,2,0.06,60,1500,1160648,0,-1,1.10625,0.0,0.2242444223870097,0.0058690735055837
No recombination,2,0.06,60,1500,1160649,0,-1,1.034375,0.0,0.2460099663087052,0.0063763177006669
No recombination,2,0.1,60,1500,1161000,0,-1,1.053125,0.0,0.2121529716566856,0.006160134694285
No recombination,2,0.1,60,1500,1161001,0,-1,0.996875,0.0,0.2382359673521502,0.0062280588577684
No recombination,2,0.1,60,1500,1161002,0,-1,1.03125,0.0,0.2246615802793387,0.0060430423559062
No recombination,2,0.1,60,1500,1161003,0,-1,1.075,0.0,0.2580734058126148,0.0061469911623603
No recombination,2,0.1,60,1500,1161004,0,-1,1.140625,0.0,0.252873356469902,0.0064055855058941
No recombination,2,0.1,60,1500,1161005,0,-1,1.128125,0.0,0.243537419242814,0.006438715468621
No recombination,2,0.1,60,1500,1161006,0,-1,1.04375,0.0,0.2317415326988403,0.0059726850492275
No recombination,2,0.1,60,1500,1161007,0,-1,1.10625,0.0,0.2449486420620173,0.0064904589898846
No recombination,2,0.1,60,1500,1161008,0,-1,1.15625,0.0,0.2783470428912507,0.0065676292222605
No recombination,2,0.1,60,1500,1161009,0,-1,1.03125,0.0,0.2340383286654939,0.0060427454954242
No recombination,2,0.1,60,1500,1161010,0,-1,1.059375,0.0,0.2399492969748659,0.0062635397558918
No recombination,2,0.1,60,1500,1161011,0,-1,1.065625,0.0,0.2270162089669047,0.0063609125571674
No recombination,2,0.1,60,1500,1161012,0,-1,1.153125,0.0,0.2491460549047538,0.0064089214898651
No recombination,2,0.1,60,1500,1161013,0,-1,1.128125,0.0,0.2572464554736578,0.0063626784978205
No recombination,2,0.1,60,1500,1161014,0,-1,1.021875,0.0,0.2223862702298356,0.0060407184971114
No recombination,2,0.1,60,1500,1161015,0,-1,0.990625,0.0,0.1992664188770272,0.0060498869156957
No recombination,2,0.1,60,1500,1161016,0,-1,1.040625,0.0,0.2230585009843791,0.0062760971246174
No recombination,2,0.1,60,1500,1161017,0,-1,1.00625,0.0,0.2128010690372556,0.0060717617170768
No recombination,2,0.1,60,1500,1161018,0,-1,1.04375,0.0,0.2147504328515079,0.0065260438101349
No recombination,2,0.1,60,1500,1161019,0,-1,1.0625,0.0,0.2706032324283874,0.0065228038360707
No recombination,2,0.1,60,1500,1161020,0,-1,0.9375,0.0,0.1932199082704735,0.0057686905267084
No recombination,2,0.1,60,1500,1161021,0,-1,1.03125,0.0,0.2035544900052077,0.0060663243558393
No recombination,2,0.1,60,1500,1161022,0,-1,0.98125,0.0,0.1887539151385154,0.0057286784415985
No recombination,2,0.1,60,1500,1161023,0,-1,1.059375,0.0,0.2082256917218753,0.0059862841123205
No recombination,2,0.1,60,1500,1161024,0,-1,1.203125,0.0,0.2751003133831028,0.0067263396989327
No recombination,2,0.1,60,1500,1161025,0,-1,1.103125,0.0,0.2080589832272668,0.0059644407807092
No recombination,2,0.1,60,1500,1161026,0,-1,0.971875,0.0,0.2272854568431445,0.006006047686399
No recombination,2,0.1,60,1500,1161027,0,-1,1.084375,0.0,0.2204938213601179,0.0064010260546575
No recombination,2,0.1,60,1500,1161028,0,-1,1.009375,0.0,0.2085171684972083,0.0061467752928536
No recombination,2,0.1,60,1500,1161029,0,-1,1.025,0.0,0.2566927738083021,0.0063116218748357
No recombination,2,0.1,60,1500,1161030,0,-1,1.096875,0.0,0.2647983146010789,0.0066570081653747
No recombination,2,0.1,60,1500,1161031,0,-1,1.11875,0.0,0.2661329967320062,0.0067634497553315
No recombination,2,0.1,60,1500,1161032,0,-1,1.1125,0.0,0.2125499110321287,0.0060099786092832
No recombination,2,0.1,60,1500,1161033,0,-1,1.0875,0.0,0.2624674668934536,0.0064644170143662
No recombination,2,0.1,60,1500,1161034,0,-1,1.05,0.0,0.2096231388200566,0.006018049551073
No recombination,2,0.1,60,1500,1161035,0,-1,1.0875,0.0,0.2688416804937158,0.0063623491586441
No recombination,2,0.1,60,1500,1161036,0,-1,1.009375,0.0,0.199084767666589,0.0061395088297814
No recombination,2,0.1,60,1500,1161037,0,-1,1.00625,0.0,0.2235663866089485,0.0058210464468811
No recombination,2,0.1,60,1500,1161038,0,-1,1.10625,0.0,0.2260243613232752,0.0060987700583687
No recombination,2,0.1,60,1500,1161039,0,-1,1.0625,0.0,0.2643259451449105,0.0062622892380057
No recombination,2,0.1,60,1500,1161040,0,-1,1.03125,0.0,0.2572945237869293,0.0062156808760619
No recombination,2,0.1,60,1500,1161041,0,-1,1.140625,0.0,0.2346809139238893,0.006222850353802
No recombination,2,0.1,60,1500,1161042,0,-1,1.0625,0.0,0.2177203031342867,0.0059842666898443
No recombination,2,0.1,60,1500,1161043,0,-1,1.065625,0.0,0.2359165524094857,0.0061219236084174
No recombination,2,0.1,60,1500,1161044,0,-1,1.05625,0.0,0.220071350246474,0.0060151059500173
No recombination,2,0.1,60,1500,1161045,0,-1,1.090625,0.0,0.2440980878833888,0.0067389410729408
No recombination,2,0.1,60,1500,1161046,0,-1,1.05625,0.0,0.2608297185633684,0.0063403478158555
No recombination,2,0.1,60,1500,1161047,0,-1,1.146875,0.0,0.2820779154272675,0.0065482078546397
No recombination,2,0.1,60,1500,1161048,0,-1,1.121875,0.0,0.2434508819655591,0.0065677764767205
No recombination,2,0.1,60,1500,1161049,0,-1,1.065625,0.0,0.2126405308866324,0.0062289484810088
No recombination,2,0.16,60,1500,1161600,0,-1,1.103125,0.0,0.2432471952141612,0.0062141543523747
No recombination,2,0.16,60,1500,1161601,0,-1,1.01875,0.0,0.2144998321476459,0.0060470615164932
No recombination,2,0.16,60,1500,1161602,0,-1,1.0625,0.0,0.2394823747095347,0.0063989858229534
No recombination,2,0.16,60,1500,1161603,0,-1,1.128125,0.0,0.2618768259305968,0.0063610666320643
No recombination,2,0.16,60,1500,1161604,0,-1,1.096875,0.0,0.2344945386955176,0.0063021986049494
No recombination,2,0.16,60,1500,1161605,0,-1,1.253125,0.0,0.2394162173476336,0.0065221345775518
No recombination,2,0.16,60,1500,1161606,0,-1,0.965625,0.0,0.2171498909643633,0.0060947543063358
No recombination,2,0.16,60,1500,1161607,0,-1,1.25625,0.0,0.2592894486062345,0.0064272817388283
No recombination,2,0.16,60,1500,1161608,0,-1,1.040625,0.0,0.2456527427786613,0.0062167786657684
No recombination,2,0.16,60,1500,1161609,0,-1,1.084375,0.0,0.2579031162857447,0.0063128457100952
No recombination,2,0.16,60,1500,1161610,0,-1,1.1125,0.0,0.2399247828831226,0.0061868530425929
No recombination,2,0.16,60,1500,1161611,0,-1,1.03125,0.0,0.2395788362539574,0.0060448352788102
No recombination,2,0.16,60,1500,1161612,0,-1,0.928125,0.0,0.2015350236555958,0.0060058067521656
No recombination,2,0.16,60,1500,1161613,0,-1,0.959375,0.0,0.2197765766702037,0.0060231721393583
No recombination,2,0.16,60,1500,1161614,0,-1,1.05625,0.0,0.2357208874359949,0.0058496137523477
No recombination,2,0.16,60,1500,1161615,0,-1,0.940625,0.0,0.2069864981975075,0.0060589635066315
No recombination,2,0.16,60,1500,1161616,0,-1,1.1125,0.0,0.2585304897636796,0.0065506769359802
No recombination,2,0.16,60,1500,1161617,0,-1,0.921875,0.0,0.1923574432662868,0.0058177543117117
No recombination,2,0.16,60,1500,1161618,0,-1,1.0125,0.0,0.2296001704813325,0.0063022535928006
No recombination,2,0.16,60,1500,1161619,0,-1,1.05625,0.0,0.2190827153281365,0.0062713178639512
No recombination,2,0.16,60,1500,1161620,0,-1,1.11875,0.0,0.2592523746562297,0.0062944667682486
No recombination,2,0.16,60,1500,1161621,0,-1,1.05,0.0,0.2054205997792773,0.0059702984132767
No recombination,2,0.16,60,1500,1161622,0,-1,1.109375,0.0,0.2191408060880125,0.0059135609587197
No recombination,2,0.16,60,1500,1161623,0,-1,1.059375,0.0,0.2143477616424913,0.0062831909031912
No recombination,2,0.16,60,1500,1161624,0,-1,1.06875,0.0,0.2355325014365167,0.0063632698288284
No recombination,2,0.16,60,1500,1161625,0,-1,1.15,0.0,0.2554563998878135,0.0066607000352075
No recombination,2,0.16,60,1500,1161626,0,-1,1.1375,0.0,0.2486135169997336,0.0067325251988272
No recombination,2,0.16,60,1500,1161627,0,-1,1.1,0.0,0.228974871805122,0.0063376957616201
No recombination,2,0.16,60,1500,1161628,0,-1,1.065625,0.0,0.220115127288149,0.0060511345581144
No recombination,2,0.16,60,1500,1161629,0,-1,0.971875,0.0,0.2301143744440164,0.0059257903884211
No recombination,2,0.16,60,1500,1161630,0,-1,1.003125,0.0,0.2071769542623497,0.0059198227454782
No recombination,2,0.16,60,1500,1161631,0,-1,0.965625,0.0,0.2082130639550097,0.0060050486426523
No recombination,2,0.16,60,1500,1161632,0,-1,1.09375,0.0,0.2325391066652257,0.0059808798722007
No recombination,2,0.16,60,1500,1161633,0,-1,0.978125,0.0,0.1986009359641748,0.0060337484534125
No recombination,2,0.16,60,1500,1161634,0,-1,1.09375,0.0,0.2476380017215577,0.0061101397935905
No recombination,2,0.16,60,1500,1161635,0,-1,1.046875,0.0,0.2575552923278107,0.0062400193734592
No recombination,2,0.16,60,1500,1161636,0,-1,1.121875,0.0,0.2834637269104688,0.0066629714181971
No recombination,2,0.16,60,1500,1161637,0,-1,0.865625,0.0,0.1844503203286615,0.0058138485644198
No recombination,2,0.16,60,1500,1161638,0,-1,0.996875,0.0,0.2060736256583964,0.0058865967228291
No recombination,2,0.16,60,1500,1161639,0,-1,1.0625,0.0,0.2485320207070794,0.0063207685941279
No recombination,2,0.16,60,1500,1161640,0,-1,1.15625,0.0,0.3006938844361833,0.0067537864806339
No recombination,2,0.16,60,1500,1161641,0,-1,0.884375,0.0,0.1791564973483655,0.0056121214965746
No recombination,2,0.16,60,1500,1161642,0,-1,1.046875,0.0,0.2414635384211942,0.00613113978543
No recombination,2,0.16,60,1500,1161643,0,-1,1.1125,0.0,0.2668280004248734,0.0064893635606277
No recombination,2,0.16,60,1500,1161644,0,-1,0.95,0.0,0.1729790121325128,0.005789408727323
No recombination,2,0.16,60,1500,1161645,0,-1,1.00625,0.0,0.2289521894705997,0.0058456437464906
No recombination,2,0.16,60,1500,1161646,0,-1,0.984375,0.0,0.2401844020236774,0.0060349312687323
No recombination,2,0.16,60,1500,1161647,0,-1,0.975,0.0,0.2166038887270491,0.006186201439767
No recombination,2,0.16,60,1500,1161648,0,-1,1.075,0.0,0.2278419238684745,0.0061598369196196
No recombination,2,0.16,60,1500,1161649,0,-1,1.06875,0.0,0.2267985476217862,0.0061963727601884
No recombination,2,0.03,80,2000,1180300,0,-1,0.94375,0.0,0.2127589277910463,0.0060955702607372
No recombination,2,0.03,80,2000,1180301,0,-1,1.1,0.0,0.2333015830500791,0.0060380692143294
No recombination,2,0.03,80,2000,1180302,0,-1,1.034375,0.0,0.2465247349782482,0.0061215693360726
No recombination,2,0.03,80,2000,1180303,0,-1,1.10625,0.0,0.238567644934811,0.0064334490696978
No recombination,2,0.03,80,2000,1180304,0,-1,0.95625,0.0,0.203006500639562,0.0059079353066669
No recombination,2,0.03,80,2000,1180305,0,-1,0.978125,0.0,0.2140470805552591,0.0059744530505819
No recombination,2,0.03,80,2000,1180306,0,-1,1.18125,0.0,0.2506235054289217,0.0064548191125608
No recombination,2,0.03,80,2000,1180307,0,-1,0.890625,0.0,0.2182917866032167,0.0060537499624754
No recombination,2,0.03,80,2000,1180308,0,-1,0.984375,0.0,0.2359973195275095,0.0057642070161642
No recombination,2,0.03,80,2000,1180309,0,-1,0.971875,0.0,0.2127982755530372,0.0059114142095845
No recombination,2,0.03,80,2000,1180310,0,-1,0.896875,0.0,0.2083878508425611,0.005741857711609
No recombination,2,0.03,80,2000,1180311,0,-1,0.984375,0.0,0.223304449285953,0.0058775367251295
No recombination,2,0.03,80,2000,1180312,0,-1,1.03125,0.0,0.232267104259655,0.00630502902987
No recombination,2,0.03,80,2000,1180313,0,-1,1.06875,0.0,0.2039239361041652,0.0061342539518708
No recombination,2,0.03,80,2000,1180314,0,-1,1.046875,0.0,0.2299365366326549,0.0058983651110162
No recombination,2,0.03,80,2000,1180315,0,-1,0.934375,0.0,0.1883547399117938,0.0056982105253302
No recombination,2,0.03,80,2000,1180316,0,-1,0.996875,0.0,0.2165789497588937,0.0059073393240719
No recombination,2,0.03,80,2000,1180317,0,-1,1.078125,0.0,0.2308091009782936,0.00613612719922
No recombination,2,0.03,80,2000,1180318,0,-1,1.159375,0.0,0.2371660728405989,0.0062695729730041
No recombination,2,0.03,80,2000,1180319,0,-1,1.01875,0.0,0.2216406176501058,0.0058810056464878
No recombination,2,0.03,80,2000,1180320,0,-1,1.059375,0.0,0.2567959628778887,0.0063161663348986
No recombination,2,0.03,80,2000,1180321,0,-1,0.996875,0.0,0.2062908532393597,0.0060376154533866
No recombination,2,0.03,80,2000,1180322,0,-1,1.01875,0.0,0.2284291376000424,0.0061757862550447
No recombination,2,0.03,80,2000,1180323,0,-1,1.084375,0.0,0.1973280253930294,0.0058140817182982
No recombination,2,0.03,80,2000,1180324,0,-1,0.9375,0.0,0.2284643660611846,0.0057590002649674
No recombination,2,0.03,80,2000,1180325,0,-1,1.1,0.0,0.2120267954795309,0.0060163037936617
No recombination,2,0.03,80,2000,1180326,0,-1,1.103125,0.0,0.2056120778370366,0.0060669896649528
No recombination,2,0.03,80,2000,1180327,0,-1,1.021875,0.0,0.2353457096241772,0.0061048908476824
No recombination,2,0.03,80,2000,1180328,0,-1,1.075,0.0,0.2745340823625952,0.0067608439649536
No recombination,2,0.03,80,2000,1180329,0,-1,1.196875,0.0,0.2339621770950973,0.0066309973139443
No recombination,2,0.03,80,2000,1180330,0,-1,1.0375,0.0,0.2183212885811346,0.0064154747709248
No recombination,2,0.03,80,2000,1180331,0,-1,1.153125,0.0,0.2291496352283986,0.0064602816512357
No recombination,2,0.03,80,2000,1180332,0,-1,1.025,0.0,0.223556682145544,0.0062590830589564
No recombination,2,0.03,80,2000,1180333,0,-1,1.00625,0.0,0.2018417044950105,0.0062041307101277
No recombination,2,0.03,80,2000,1180334,0,-1,1.0375,0.0,0.2255802944457149,0.006208557445246
No recombination,2,0.03,80,2000,1180335,0,-1,1.10625,0.0,0.2276734657343365,0.0063795717588078
No recombination,2,0.03,80,2000,1180336,0,-1,0.909375,0.0,0.1841703294698279,0.0058393192856522
No recombination,2,0.03,80,2000,1180337,0,-1,1.15625,0.0,0.2402252756266632,0.0062830929298971
No recombination,2,0.03,80,2000,1180338,0,-1,1.084375,0.0,0.2350510614625326,0.0063049388369811
No recombination,2,0.03,80,2000,1180339,0,-1,1.009375,0.0,0.1794659843271542,0.0058400034385634
No recombination,2,0.03,80,2000,1180340,0,-1,1.165625,0.0,0.2180441598712883,0.0065395671041033
No recombination,2,0.03,80,2000,1180341,0,-1,1.06875,0.0,0.2342373288994541,0.0064196110744889
No recombination,2,0.03,80,2000,1180342,0,-1,0.959375,0.0,0.1991189773677637,0.0059698496878655
No recombination,2,0.03,80,2000,1180343,0,-1,1.140625,0.0,0.2830312729154236,0.0068102254158364
No recombination,2,0.03,80,2000,1180344,0,-1,1.115625,0.0,0.2295571227077844,0.0065997676039846
No recombination,2,0.03,80,2000,1180345,0,-1,1.015625,0.0,0.2130620937588154,0.0061425754186381
No recombination,2,0.03,80,2000,1180346,0,-1,1.09375,0.0,0.2327081374188955,0.0062579644768519
No recombination,2,0.03,80,2000,1180347,0,-1,1.0375,0.0,0.2540353214513368,0.0063779035134629
No recombination,2,0.03,80,2000,1180348,0,-1,1.0875,0.0,0.2038762044552058,0.0063665384178044
No recombination,2,0.03,80,2000,1180349,0,-1,1.075,0.0,0.2228525331313325,0.00621273533308
No recombination,2,0.06,80,2000,1180600,0,-1,1.19375,0.0,0.2625238551923154,0.0067885138848835
No recombination,2,0.06,80,2000,1180601,0,-1,0.959375,0.0,0.2184276200484525,0.0058000842285156
No recombination,2,0.06,80,2000,1180602,0,-1,1.01875,0.0,0.2113390607231785,0.0059268164337232
No recombination,2,0.06,80,2000,1180603,0,-1,1.128125,0.0,0.2180644577493271,0.0068061636728709
No recombination,2,0.06,80,2000,1180604,0,-1,0.975,0.0,0.1820688333538022,0.0057929433843477
No recombination,2,0.06,80,2000,1180605,0,-1,0.9625,0.0,0.2005319442585623,0.0059420945954845
No recombination,2,0.06,80,2000,1180606,0,-1,1.16875,0.0,0.264137417370499,0.0068430349406224
No recombination,2,0.06,80,2000,1180607,0,-1,0.990625,0.0,0.2389510889484447,0.006085107523637
No recombination,2,0.06,80,2000,1180608,0,-1,0.990625,0.0,0.2266809849017922,0.0062030181324272
No recombination,2,0.06,80,2000,1180609,0,-1,1.115625,0.0,0.2819711185446752,0.0063667466270752
No recombination,2,0.06,80,2000,1180610,0,-1,1.028125,0.0,0.2005368530710263,0.005748281947122
No recombination,2,0.06,80,2000,1180611,0,-1,1.146875,0.0,0.2646061319215098,0.0064975420598843
No recombination,2,0.06,80,2000,1180612,0,-1,1.146875,0.0,0.2369160526509413,0.006275543237115
No recombination,2,0.06,80,2000,1180613,0,-1,0.959375,0.0,0.2299043225087729,0.0060090125160345
No recombination,2,0.06,80,2000,1180614,0,-1,1.06875,0.0,0.2204313569581838,0.0059809868464366
No recombination,2,0.06,80,2000,1180615,0,-1,1.1,0.0,0.2250420999393239,0.0062184378069435
No recombination,2,0.06,80,2000,1180616,0,-1,1.06875,0.0,0.2187010874657214,0.0060582702957285
No recombination,2,0.06,80,2000,1180617,0,-1,0.9875,0.0,0.2422448532207624,0.0060001808145521
No recombination,2,0.06,80,2000,1180618,0,-1,1.01875,0.0,0.2220027922254375,0.0059665963890094
No recombination,2,0.06,80,2000,1180619,0,-1,0.98125,0.0,0.2231521911229761,0.0058348190985654
No recombination,2,0.06,80,2000,1180620,0,-1,1.14375,0.0,0.2677943050834136,0.0064626511491073
No recombination,2,0.06,80,2000,1180621,0,-1,1.090625,0.0,0.2372188340051426,0.0060337159291599
No recombination,2,0.06,80,2000,1180622,0,-1,1.003125,0.0,0.2301501232454601,0.0061333991330774
No recombination,2,0.06,80,2000,1180623,0,-1,0.871875,0.0,0.2046356456306932,0.0058135060830639
No recombination,2,0.06,80,2000,1180624,0,-1,0.96875,0.0,0.2042964336633776,0.0057882209209938
No recombination,2,0.06,80,2000,1180625,0,-1,1.1625,0.0,0.2309926813653363,0.0063530842668538
No recombination,2,0.06,80,2000,1180626,0,-1,0.96875,0.0,0.2043152702994532,0.0060205490320689
No recombination,2,0.06,80,2000,1180627,0,-1,0.990625,0.0,0.2038812146930075,0.0060919543277902
No recombination,2,0.06,80,2000,1180628,0,-1,1.11875,0.0,0.2374699331787602,0.006414088385534
No recombination,2,0.06,80,2000,1180629,0,-1,1.1125,0.0,0.2389284161338828,0.0060728684801906
No recombination,2,0.06,80,2000,1180630,0,-1,1.096875,0.0,0.1980366963306898,0.0060676328041858
No recombination,2,0.06,80,2000,1180631,0,-1,1.1,0.0,0.2661869651540185,0.0062385199895972
No recombination,2,0.06,80,2000,1180632,0,-1,1.1125,0.0,0.2932860037607312,0.0065072262202248
No recombination,2,0.06,80,2000,1180633,0,-1,1.103125,0.0,0.2448820524408334,0.0062434766127763
No recombination,2,0.06,80,2000,1180634,0,-1,1.071875,0.0,0.2228556610246951,0.0060396176833532
No recombination,2,0.06,80,2000,1180635,0,-1,0.9625,0.0,0.2352168884495858,0.0059011645107684
No recombination,2,0.06,80,2000,1180636,0,-1,1.00625,0.0,0.2216238313741826,0.0060576936801085
No recombination,2,0.06,80,2000,1180637,0,-1,1.2125,0.0,0.2414179798946879,0.0063936838146105
No recombination,2,0.06,80,2000,1180638,0,-1,1.015625,0.0,0.2208940531661439,0.0058564086709782
No recombination,2,0.06,80,2000,1180639,0,-1,1.046875,0.0,0.23296704251395,0.006277014924386
No recombination,2,0.06,80,2000,1180640,0,-1,1.009375,0.0,0.2121321828462035,0.0060374723814385
No recombination,2,0.06,80,2000,1180641,0,-1,1.1125,0.0,0.2424047095633005,0.0066986104780456
No recombination,2,0.06,80,2000,1180642,0,-1,0.9625,0.0,0.2302392911632675,0.0061735631598041
No recombination,2,0.06,80,2000,1180643,0,-1,0.934375,0.0,0.1925359750816477,0.0059569994261781
No recombination,2,0.06,80,2000,1180644,0,-1,0.9875,0.0,0.2402985540664082,0.0059166171455407
No recombination,2,0.06,80,2000,1180645,0,-1,1.0125,0.0,0.2282830150759625,0.0058938151376055
No recombination,2,0.06,80,2000,1180646,0,-1,1.065625,0.0,0.2362102444751694,0.0063739366429364
No recombination,2,0.06,80,2000,1180647,0,-1,1.190625,0.0,0.2225119882338531,0.0059548452592691
No recombination,2,0.06,80,2000,1180648,0,-1,0.94375,0.0,0.2153121053833921,0.0058530670349839
No recombination,2,0.06,80,2000,1180649,0,-1,0.990625,0.0,0.2161103771149,0.0058086045809963
No recombination,2,0.1,80,2000,1181000,0,-1,1.090625,0.0,0.2256091347137735,0.0061861473688584
No recombination,2,0.1,80,2000,1181001,0,-1,1.046875,0.0,0.2341713184174296,0.0062360829924542
No recombination,2,0.1,80,2000,1181002,0,-1,1.05625,0.0,0.2490629188262871,0.006422654597624
No recombination,2,0.1,80,2000,1181003,0,-1,1.125,0.0,0.2777188726723257,0.0062735984500297
No recombination,2,0.1,80,2000,1181004,0,-1,0.990625,0.0,0.1864441339404409,0.0059198069504319
No recombination,2,0.1,80,2000,1181005,0,-1,0.975,0.0,0.2119498546297948,0.0059153686086982
No recombination,2,0.1,80,2000,1181006,0,-1,1.1875,0.0,0.2664987851770305,0.0065419086290214
No recombination,2,0.1,80,2000,1181007,0,-1,1.05625,0.0,0.2455480338601681,0.0063636845776306
No recombination,2,0.1,80,2000,1181008,0,-1,1.015625,0.0,0.2260328294882486,0.0058264072572195
No recombination,2,0.1,80,2000,1181009,0,-1,1.09375,0.0,0.2601215224880367,0.0064110504824367
No recombination,2,0.1,80,2000,1181010,0,-1,1.090625,0.0,0.2358108277295535,0.0064093400723491
No recombination,2,0.1,80,2000,1181011,0,-1,0.96875,0.0,0.2137918251468265,0.0058164423251715
No recombination,2,0.1,80,2000,1181012,0,-1,0.934375,0.0,0.2385088266437836,0.0060923895143349
No recombination,2,0.1,80,2000,1181013,0,-1,1.153125,0.0,0.2290158925346449,0.0065024446729519
No recombination,2,0.1,80,2000,1181014,0,-1,1.00625,0.0,0.2370363613645806,0.0061855406584233
No recombination,2,0.1,80,2000,1181015,0,-1,1.171875,0.0,0.2666766140248615,0.006947859827376
No recombination,2,0.1,80,2000,1181016,0,-1,1.065625,0.0,0.2333298626431247,0.0063411094479864
No recombination,2,0.1,80,2000,1181017,0,-1,0.96875,0.0,0.1918204961218806,0.0055942832744716
No recombination,2,0.1,80,2000,1181018,0,-1,1.03125,0.0,0.1926428997216697,0.0060769203268803
No recombination,2,0.1,80,2000,1181019,0,-1,1.203125,0.0,0.2602032265520095,0.0067967457560715
No recombination,2,0.1,80,2000,1181020,0,-1,1.05625,0.0,0.2245408785516567,0.0058008500454247
No recombination,2,0.1,80,2000,1181021,0,-1,1.059375,0.0,0.2541373412223784,0.0060813363934713
No recombination,2,0.1,80,2000,1181022,0,-1,0.996875,0.0,0.2220097489294227,0.0063368919787964
No recombination,2,0.1,80,2000,1181023,0,-1,0.93125,0.0,0.1699248597586641,0.0056713275566982
No recombination,2,0.1,80,2000,1181024,0,-1,1.11875,0.0,0.2598676444445505,0.0062844659802831
No recombination,2,0.1,80,2000,1181025,0,-1,0.996875,0.0,0.2486532845424371,0.0060313631869396
No recombination,2,0.1,80,2000,1181026,0,-1,1.053125,0.0,0.2183684335326105,0.0061935439043619
No recombination,2,0.1,80,2000,1181027,0,-1,1.03125,0.0,0.2336060786589602,0.0062110759327346
No recombination,2,0.1,80,2000,1181028,0,-1,0.996875,0.0,0.199876871021861,0.0060647005713077
No recombination,2,0.1,80,2000,1181029,0,-1,1.01875,0.0,0.1902736229193072,0.0061468473729911
No recombination,2,0.1,80,2000,1181030,0,-1,0.95625,0.0,0.2125125976598328,0.0058930176636592
No recombination,2,0.1,80,2000,1181031,0,-1,1.009375,0.0,0.2021789649348965,0.006030635788462
No recombination,2,0.1,80,2000,1181032,0,-1,1.0625,0.0,0.2260154897467702,0.00671022395902
No recombination,2,0.1,80,2000,1181033,0,-1,1.125,0.0,0.2132585446512137,0.0063103006456992
No recombination,2,0.1,80,2000,1181034,0,-1,1.00625,0.0,0.2279720098251329,0.0064458792587479
No recombination,2,0.1,80,2000,1181035,0,-1,0.996875,0.0,0.209521722060359,0.0059365169852133
No recombination,2,0.1,80,2000,1181036,0,-1,1.0,0.0,0.2374239926566019,0.0058539460063539
No recombination,2,0.1,80,2000,1181037,0,-1,0.96875,0.0,0.2386297262331695,0.0063561494987616
No recombination,2,0.1,80,2000,1181038,0,-1,1.0,0.0,0.2023427931527922,0.0059589121040474
No recombination,2,0.1,80,2000,1181039,0,-1,0.96875,0.0,0.246973732363558,0.006142264902556
No recombination,2,0.1,80,2000,1181040,0,-1,0.95,0.0,0.2299955903157649,0.006144784309652
No recombination,2,0.1,80,2000,1181041,0,-1,1.1125,0.0,0.2302954606563333,0.0062608921336274
No recombination,2,0.1,80,2000,1181042,0,-1,1.0375,0.0,0.23083900491452,0.0056679349364006
No recombination,2,0.1,80,2000,1181043,0,-1,0.996875,0.0,0.2075615360353781,0.005915597882673
No recombination,2,0.1,80,2000,1181044,0,-1,1.109375,0.0,0.2081477785210517,0.005858374282619
No recombination,2,0.1,80,2000,1181045,0,-1,1.04375,0.0,0.2279338059576391,0.0061309134278631
No recombination,2,0.1,80,2000,1181046,0,-1,1.05,0.0,0.2176874277542332,0.0062121034079606
No recombination,2,0.1,80,2000,1181047,0,-1,0.85,0.0,0.2027079765288705,0.0057204931606304
No recombination,2,0.1,80,2000,1181048,0,-1,0.9625,0.0,0.2153643426075885,0.0058074272685826
No recombination,2,0.1,80,2000,1181049,0,-1,1.0375,0.0,0.2213649536672059,0.0060790146024117
No recombination,2,0.16,80,2000,1181600,0,-1,1.1625,0.0,0.2471938773941661,0.006725710856915
No recombination,2,0.16,80,2000,1181601,0,-1,1.196875,0.0,0.2483100506347763,0.0064621420246329
No recombination,2,0.16,80,2000,1181602,0,-1,1.0,0.0,0.1750576517882268,0.0057398602735285
No recombination,2,0.16,80,2000,1181603,0,-1,1.115625,0.0,0.2180355941949864,0.0063343712007231
No recombination,2,0.16,80,2000,1181604,0,-1,0.95625,0.0,0.2023895808067804,0.0059637426517681
No recombination,2,0.16,80,2000,1181605,0,-1,1.05,0.0,0.2453775441447718,0.006152613156004
No recombination,2,0.16,80,2000,1181606,0,-1,1.059375,0.0,0.20541949336083,0.0063505238115249
No recombination,2,0.16,80,2000,1181607,0,-1,1.115625,0.0,0.2245129431708808,0.0061366171616314
No recombination,2,0.16,80,2000,1181608,0,-1,0.93125,0.0,0.1846653708589288,0.0058567179898927
No recombination,2,0.16,80,2000,1181609,0,-1,0.953125,0.0,0.1989680119376171,0.0057821288916997
No recombination,2,0.16,80,2000,1181610,0,-1,1.021875,0.0,0.2345691307375585,0.0060105921497164
No recombination,2,0.16,80,2000,1181611,0,-1,1.11875,0.0,0.2286810928011979,0.0060402566606542
No recombination,2,0.16,80,2000,1181612,0,-1,0.990625,0.0,0.2243595343259234,0.0059829209327908
No recombination,2,0.16,80,2000,1181613,0,-1,1.040625,0.0,0.1985426080202217,0.0060112845312356
No recombination,2,0.16,80,2000,1181614,0,-1,1.134375,0.0,0.2371808593373489,0.0062721751137898
No recombination,2,0.16,80,2000,1181615,0,-1,1.171875,0.0,0.2666025624822764,0.0064805471821269
No recombination,2,0.16,80,2000,1181616,0,-1,1.0625,0.0,0.233259083969831,0.0061872687091005
No recombination,2,0.16,80,2000,1181617,0,-1,0.984375,0.0,0.2060363467766602,0.0058279284508047
No recombination,2,0.16,80,2000,1181618,0,-1,1.003125,0.0,0.2051841196036946,0.0059741332045084
No recombination,2,0.16,80,2000,1181619,0,-1,0.984375,0.0,0.2706542926820879,0.00623970546465
No recombination,2,0.16,80,2000,1181620,0,-1,1.103125,0.0,0.2417099127401972,0.0060497940312185
No recombination,2,0.16,80,2000,1181621,0,-1,1.04375,0.0,0.2197580471502567,0.00598609175268
No recombination,2,0.16,80,2000,1181622,0,-1,0.921875,0.0,0.1903157862725791,0.0059832783513756
No recombination,2,0.16,80,2000,1181623,0,-1,0.975,0.0,0.2038547826358521,0.005974285852957
No recombination,2,0.16,80,2000,1181624,0,-1,1.034375,0.0,0.2183601602585181,0.0061737564052333
No recombination,2,0.16,80,2000,1181625,0,-1,0.915625,0.0,0.1927945142852954,0.005741373804494
No recombination,2,0.16,80,2000,1181626,0,-1,1.01875,0.0,0.2312007896579672,0.0060754594164345
No recombination,2,0.16,80,2000,1181627,0,-1,1.096875,0.0,0.2245261527081382,0.006120732460682
No recombination,2,0.16,80,2000,1181628,0,-1,1.090625,0.0,0.2275837744998009,0.0062447807578346
No recombination,2,0.16,80,2000,1181629,0,-1,1.009375,0.0,0.2062031287046886,0.0059007796966126
No recombination,2,0.16,80,2000,1181630,0,-1,0.99375,0.0,0.2085444233180785,0.0060068413183124
No recombination,2,0.16,80,2000,1181631,0,-1,1.09375,0.0,0.2417686695896198,0.0062766102518281
No recombination,2,0.16,80,2000,1181632,0,-1,1.0,0.0,0.2145951753847265,0.0060002599361785
No recombination,2,0.16,80,2000,1181633,0,-1,0.8625,0.0,0.1865629760360202,0.0055498935944785
No recombination,2,0.16,80,2000,1181634,0,-1,1.1625,0.0,0.2534993234527842,0.0063940254799824
No recombination,2,0.16,80,2000,1181635,0,-1,0.965625,0.0,0.249216960611077,0.0062544981346825
No recombination,2,0.16,80,2000,1181636,0,-1,1.015625,0.0,0.2249025704111825,0.0061335867929637
No recombination,2,0.16,80,2000,1181637,0,-1,1.103125,0.0,0.2287972797868607,0.0061899589193485
No recombination,2,0.16,80,2000,1181638,0,-1,1.059375,0.0,0.2536268115353661,0.0061139455111333
No recombination,2,0.16,80,2000,1181639,0,-1,1.040625,0.0,0.2492171137073096,0.006254110209794
No recombination,2,0.16,80,2000,1181640,0,-1,1.009375,0.0,0.2032949388678941,0.0059651258161716
No recombination,2,0.16,80,2000,1181641,0,-1,1.090625,0.0,0.2248114798207273,0.0064062545841542
No recombination,2,0.16,80,2000,1181642,0,-1,1.03125,0.0,0.2134872901137051,0.0057457608853745
No recombination,2,0.16,80,2000,1181643,0,-1,0.975,0.0,0.222665368534371,0.0057990673576361
No recombination,2,0.16,80,2000,1181644,0,-1,0.959375,0.0,0.2124028699315496,0.005865780438703
No recombination,2,0.16,80,2000,1181645,0,-1,0.971875,0.0,0.2171576745422917,0.0060951611682813
No recombination,2,0.16,80,2000,1181646,0,-1,1.040625,0.0,0.2271349690130537,0.0061726679853784
No recombination,2,0.16,80,2000,1181647,0,-1,1.15625,0.0,0.2459837360570673,0.0066683464237588
No recombination,2,0.16,80,2000,1181648,0,-1,1.075,0.0,0.2319434282950817,0.0060327553641285
No recombination,2,0.16,80,2000,1181649,0,-1,1.009375,0.0,0.1904122572123042,0.0058596701127207
No teaching,8,0.03,40,1000,1240300,0,-1,4.259375,0.0,0.2768589724986087,0.018535768675526
No teaching,8,0.03,40,1000,1240301,0,-1,4.553125,0.0,0.2957617220383207,0.0241734282011095
No teaching,8,0.03,40,1000,1240302,0,-1,4.240625,0.0,0.2345217964955065,0.0176518153446587
No teaching,8,0.03,40,1000,1240303,0,-1,4.334375,0.0,0.2525914661545055,0.0246166719337141
No teaching,8,0.03,40,1000,1240304,0,-1,4.928125,0.0,0.2903517745255866,0.0491394962721337
No teaching,8,0.03,40,1000,1240305,0,-1,4.759375,0.0,0.320173139550713,0.0237191906072639
No teaching,8,0.03,40,1000,1240306,0,-1,4.715625,0.0,0.2864078085311655,0.0228631544436758
No teaching,8,0.03,40,1000,1240307,0,-1,4.5625,0.0,0.2856777962152028,0.0185909922000239
No teaching,8,0.03,40,1000,1240308,0,-1,4.6375,0.0,0.2435447232161901,0.0280915217384788
No teaching,8,0.03,40,1000,1240309,0,-1,4.51875,0.0,0.2743691465475958,0.0213402338927354
No teaching,8,0.03,40,1000,1240310,0,-1,4.1125,0.0,0.2027908175692864,0.0190654787883507
No teaching,8,0.03,40,1000,1240311,0,-1,4.615625,0.0,0.2778512927499601,0.0199944675562843
No teaching,8,0.03,40,1000,1240312,0,-1,4.809375,0.0,0.2915894916004964,0.0290681992347157
No teaching,8,0.03,40,1000,1240313,0,-1,4.340625,0.0,0.2823103101454158,0.0196851692660429
No teaching,8,0.03,40,1000,1240314,0,-1,4.596875,0.0,0.2666116124157773,0.0350033852512629
No teaching,8,0.03,40,1000,1240315,0,-1,4.35,0.0,0.2704117021308905,0.0167333485412795
No teaching,8,0.03,40,1000,1240316,0,-1,4.25625,0.0,0.2449200396567173,0.0196639344908993
No teaching,8,0.03,40,1000,1240317,0,-1,4.778125,0.0,0.3108699083908194,0.0254574248569458
No teaching,8,0.03,40,1000,1240318,0,-1,4.221875,0.0,0.2166777444930941,0.0172577005413395
No teaching,8,0.03,40,1000,1240319,0,-1,4.4,0.0,0.2684233427112764,0.0245127544000453
No teaching,8,0.03,40,1000,1240320,0,-1,5.69375,0.009375,0.3392676772228477,0.0691096816414011
No teaching,8,0.03,40,1000,1240321,0,-1,4.265625,0.0,0.2447299202533573,0.0171211695481295
No teaching,8,0.03,40,1000,1240322,0,-1,4.3125,0.0,0.2677244605320881,0.0171915456907915
No teaching,8,0.03,40,1000,1240323,0,-1,4.253125,0.0,0.2408143604143918,0.0181437182559711
No teaching,8,0.03,40,1000,1240324,0,-1,4.728125,0.0,0.2795182103799022,0.0392242441750824
No teaching,8,0.03,40,1000,1240325,0,-1,4.0875,0.0,0.2048546624814162,0.01582821642179
No teaching,8,0.03,40,1000,1240326,0,-1,4.440625,0.0,0.267963224915188,0.0179614557555353
No teaching,8,0.03,40,1000,1240327,0,-1,5.253125,0.0,0.3627971032312666,0.0393137385849989
No teaching,8,0.03,40,1000,1240328,0,-1,4.75,0.0,0.3237337724042858,0.02640007068039
No teaching,8,0.03,40,1000,1240329,0,-1,5.040625,0.0,0.3000214543292321,0.0303805913721561
No teaching,8,0.03,40,1000,1240330,0,-1,4.871875,0.0,0.3263500745988459,0.0527502080431228
No teaching,8,0.03,40,1000,1240331,0,-1,4.515625,0.0,0.2661129069878492,0.021587646356259
No teaching,8,0.03,40,1000,1240332,0,-1,4.59375,0.0,0.274660418046815,0.0195833255428106
No teaching,8,0.03,40,1000,1240333,0,-1,4.340625,0.0,0.2721378153863245,0.017933111916043
No teaching,8,0.03,40,1000,1240334,0,-1,4.4,0.0,0.2552260980150427,0.03512883888179
No teaching,8,0.03,40,1000,1240335,0,-1,4.575,0.0,0.2590170342385588,0.0214618418201235
No teaching,8,0.03,40,1000,1240336,0,-1,4.33125,0.0,0.2211518919940549,0.0164444039185667
No teaching,8,0.03,40,1000,1240337,0,-1,4.575,0.0,0.2772706150640365,0.0212657757395177
No teaching,8,0.03,40,1000,1240338,0,-1,4.584375,0.0,0.2685193275094552,0.0259439786054405
No teaching,8,0.03,40,1000,1240339,0,-1,4.790625,0.0,0.2817068420208108,0.0307419466526804
No teaching,8,0.03,40,1000,1240340,0,-1,4.55,0.0,0.2640344493537759,0.0249951391632648
No teaching,8,0.03,40,1000,1240341,0,-1,4.371875,0.0,0.2359913880799123,0.0194412013138915
No teaching,8,0.03,40,1000,1240342,0,-1,4.715625,0.0,0.2930358455264806,0.0263710442634143
No teaching,8,0.03,40,1000,1240343,0,-1,4.1625,0.0,0.2159696948520831,0.0156642884868118
No teaching,8,0.03,40,1000,1240344,0,-1,4.984375,0.0,0.2951574752021925,0.0233247919596551
No teaching,8,0.03,40,1000,1240345,0,-1,5.415625,0.003125,0.3322259556234327,0.0723133227354954
No teaching,8,0.03,40,1000,1240346,0,-1,4.715625,0.0,0.2748073827283471,0.0294495222397135
No teaching,8,0.03,40,1000,1240347,0,-1,4.43125,0.0,0.2816238384585235,0.0206258352459516
No teaching,8,0.03,40,1000,1240348,0,-1,5.221875,0.00625,0.3248400481504092,0.0664747103996225
No teaching,8,0.03,40,1000,1240349,0,-1,4.453125,0.0,0.273304180370372,0.0241129667313468
No teaching,8,0.06,40,1000,1240600,0,-1,4.540625,0.0,0.2678118564445442,0.0372077338059428
No teaching,8,0.06,40,1000,1240601,0,-1,4.95625,0.0,0.3355065629741841,0.0497675657520586
No teaching,8,0.06,40,1000,1240602,0,-1,4.6125,0.0,0.3088061736246016,0.0279891259057925
No teaching,8,0.06,40,1000,1240603,0,-1,5.975,0.0,0.3480303850958439,0.0927873241091201
No teaching,8,0.06,40,1000,1240604,0,-1,4.453125,0.0,0.2926059087912975,0.0194380455459596
No teaching,8,0.06,40,1000,1240605,0,-1,4.91875,0.0,0.2767017429402694,0.0604376061534687
No teaching,8,0.06,40,1000,1240606,0,-1,4.41875,0.0,0.2359917597884666,0.0187318065349319
No teaching,8,0.06,40,1000,1240607,0,-1,4.9125,0.00625,0.2921322656060203,0.0655453850228736
No teaching,8,0.06,40,1000,1240608,0,-1,5.259375,0.003125,0.3080978422230833,0.0542348081781243
No teaching,8,0.06,40,1000,1240609,0,-1,4.50625,0.0,0.2696244453679178,0.0227097420055781
No teaching,8,0.06,40,1000,1240610,0,-1,4.196875,0.0,0.2445195670773735,0.0183781339377826
No teaching,8,0.06,40,1000,1240611,0,-1,4.58125,0.0,0.2893860772872059,0.0189628314753259
No teaching,8,0.06,40,1000,1240612,0,-1,4.478125,0.0,0.2757042008511359,0.020621143791664
No teaching,8,0.06,40,1000,1240613,0,-1,4.559375,0.0,0.2562220595351213,0.0274605556972806
No teaching,8,0.06,40,1000,1240614,0,-1,4.45625,0.0,0.2760050616557685,0.0184876899759506
No teaching,8,0.06,40,1000,1240615,0,-1,4.734375,0.0,0.2947063014774985,0.0221941248176319
No teaching,8,0.06,40,1000,1240616,0,-1,4.184375,0.0,0.2323542350760105,0.0184360386938973
No teaching,8,0.06,40,1000,1240617,0,-1,5.09375,0.0,0.302903474912963,0.0347605548048841
No teaching,8,0.06,40,1000,1240618,0,-1,4.609375,0.0,0.2698078837116705,0.0216246926439692
No teaching,8,0.06,40,1000,1240619,0,-1,4.475,0.0,0.2784634128334288,0.026178836765853
No teaching,8,0.06,40,1000,1240620,0,-1,4.203125,0.0,0.2431251192192563,0.0179335468664895
No teaching,8,0.06,40,1000,1240621,0,-1,4.390625,0.0,0.266182920693077,0.0197772608361441
No teaching,8,0.06,40,1000,1240622,0,-1,5.090625,0.0,0.2964585045935418,0.0374644208176847
No teaching,8,0.06,40,1000,1240623,0,-1,4.78125,0.0,0.2917076838694062,0.0232049301816205
No teaching,8,0.06,40,1000,1240624,0,-1,4.546875,0.0,0.2599472794643917,0.0225768765135024
No teaching,8,0.06,40,1000,1240625,0,-1,4.5625,0.0,0.2784260400512969,0.024868576367205
No teaching,8,0.06,40,1000,1240626,0,-1,4.934375,0.0,0.3269096128987006,0.0269379537153391
No teaching,8,0.06,40,1000,1240627,0,-1,4.578125,0.0,0.2898384481963156,0.0246494023809495
No teaching,8,0.06,40,1000,1240628,0,-1,4.35,0.0,0.2210832477874743,0.0178862375980598
No teaching,8,0.06,40,1000,1240629,0,-1,4.546875,0.0,0.2695482295131438,0.0202563649061271
No teaching,8,0.06,40,1000,1240630,0,-1,4.028125,0.0,0.2142537902242326,0.0163881715192369
No teaching,8,0.06,40,1000,1240631,0,-1,4.975,0.0,0.3014575758822216,0.0536448271254974
No teaching,8,0.06,40,1000,1240632,0,-1,5.3375,0.0,0.3132980016072907,0.0687898461273268
No teaching,8,0.06,40,1000,1240633,0,-1,4.578125,0.0,0.2782055615058229,0.023129572175343
No teaching,8,0.06,40,1000,1240634,0,-1,4.590625,0.0,0.2872848519087033,0.0197318976603846
No teaching,8,0.06,40,1000,1240635,0,-1,4.775,0.003125,0.2802805577694001,0.0468026340108486
No teaching,8,0.06,40,1000,1240636,0,-1,4.909375,0.0,0.3147740351785757,0.0326992847335851
No teaching,8,0.06,40,1000,1240637,0,-1,4.765625,0.0,0.2805381289424179,0.031199027684235
No teaching,8,0.06,40,1000,1240638,0,-1,4.515625,0.0,0.2828823460326167,0.0200368588080378
No teaching,8,0.06,40,1000,1240639,0,-1,5.334375,0.0,0.3285291947862272,0.0488523578101923
No teaching,8,0.06,40,1000,1240640,0,-1,4.375,0.0,0.2455290965558978,0.0183622538359578
No teaching,8,0.06,40,1000,1240641,0,-1,4.609375,0.0,0.2770010754973682,0.0205306618307551
No teaching,8,0.06,40,1000,1240642,0,-1,4.68125,0.0,0.2963394688019033,0.0279230376309385
No teaching,8,0.06,40,1000,1240643,0,-1,4.375,0.0,0.2816968052843715,0.0212560328312506
No teaching,8,0.06,40,1000,1240644,0,-1,5.13125,0.0,0.3289991130401125,0.0414449306687339
No teaching,8,0.06,40,1000,1240645,0,-1,4.91875,0.0,0.2826305501839438,0.0437975199516841
No teaching,8,0.06,40,1000,1240646,0,-1,4.68125,0.0,0.2734172318023835,0.0221717589046521
No teaching,8,0.06,40,1000,1240647,0,-1,4.73125,0.0,0.2932228475650246,0.0217802699812192
No teaching,8,0.06,40,1000,1240648,0,-1,4.4625,0.0,0.272529326907582,0.0191559982423602
No teaching,8,0.06,40,1000,1240649,0,-1,5.128125,0.0,0.3148970970886793,0.0439765814796685
No teaching,8,0.1,40,1000,1241000,0,-1,4.88125,0.003125,0.2785296545306474,0.0677135359030633
No teaching,8,0.1,40,1000,1241001,0,-1,4.190625,0.0,0.2520286474872061,0.0163522751251637
No teaching,8,0.1,40,1000,1241002,0,-1,4.73125,0.0,0.2939985565587975,0.026796526889378
No teaching,8,0.1,40,1000,1241003,0,-1,4.603125,0.0,0.2943236758225128,0.0206919956545394
No teaching,8,0.1,40,1000,1241004,0,-1,4.74375,0.0,0.2693789661040707,0.0311507515633761
No teaching,8,0.1,40,1000,1241005,0,-1,6.134375,0.025,0.3737084802477687,0.1595007786306639
No teaching,8,0.1,40,1000,1241006,0,-1,4.721875,0.0,0.2735178258568089,0.042106450901306
No teaching,8,0.1,40,1000,1241007,0,-1,4.365625,0.0,0.2414236716733625,0.0180794511227406
No teaching,8,0.1,40,1000,1241008,0,-1,4.184375,0.0,0.2252429152720309,0.0174588720582254
No teaching,8,0.1,40,1000,1241009,0,-1,4.471875,0.0,0.2411957571086266,0.0264383515609528
No teaching,8,0.1,40,1000,1241010,0,-1,4.04375,0.0,0.2096790835482437,0.0158134591612888
No teaching,8,0.1,40,1000,1241011,0,-1,4.96875,0.0,0.3246442999914057,0.0265659827874727
No teaching,8,0.1,40,1000,1241012,0,-1,4.5375,0.0,0.2657398516650986,0.0311070287587139
No teaching,8,0.1,40,1000,1241013,0,-1,5.271875,0.0,0.3301219884377507,0.0541672950089774
No teaching,8,0.1,40,1000,1241014,0,-1,5.325,0.0,0.318601904929695,0.0864939845884376
No teaching,8,0.1,40,1000,1241015,0,-1,4.35,0.0,0.2807251628564677,0.0190932581609604
No teaching,8,0.1,40,1000,1241016,0,-1,4.646875,0.0,0.2953820851795335,0.0236926959550722
No teaching,8,0.1,40,1000,1241017,0,-1,4.865625,0.0,0.2661480188289101,0.0343218893335913
No teaching,8,0.1,40,1000,1241018,0,-1,4.265625,0.0,0.2709632980723272,0.0180059667468536
No teaching,8,0.1,40,1000,1241019,0,-1,4.528125,0.0,0.2825750405406486,0.0195763433546348
No teaching,8,0.1,40,1000,1241020,0,-1,4.175,0.0,0.2441399751794108,0.0158605728964333
No teaching,8,0.1,40,1000,1241021,0,-1,4.184375,0.0,0.2445038188592407,0.0168807107314407
No teaching,8,0.1,40,1000,1241022,0,-1,4.609375,0.0,0.2675659173473909,0.0383149117449043
No teaching,8,0.1,40,1000,1241023,0,-1,4.953125,0.003125,0.2892354644434146,0.0551768096911803
No teaching,8,0.1,40,1000,1241024,0,-1,4.45625,0.0,0.2828767146527033,0.0179763124692571
No teaching,8,0.1,40,1000,1241025,0,-1,5.284375,0.009375,0.2970589604081387,0.054045795091406
No teaching,8,0.1,40,1000,1241026,0,-1,5.15625,0.0,0.3158946217046494,0.0417702995397794
No teaching,8,0.1,40,1000,1241027,0,-1,5.05,0.0,0.305659332992818,0.0361067818421613
No teaching,8,0.1,40,1000,1241028,0,-1,4.44375,0.0,0.2524827720241004,0.0212615602138824
No teaching,8,0.1,40,1000,1241029,0,-1,4.49375,0.0,0.2715158621770411,0.0206068195607488
No teaching,8,0.1,40,1000,1241030,0,-1,4.428125,0.0,0.2511084079193068,0.0189596303888484
No teaching,8,0.1,40,1000,1241031,0,-1,4.6125,0.0,0.3256657495742712,0.0240518175585339
No teaching,8,0.1,40,1000,1241032,0,-1,4.06875,0.0,0.224764692522462,0.0148784287831421
No teaching,8,0.1,40,1000,1241033,0,-1,4.890625,0.0,0.279469735426361,0.0430522711646729
No teaching,8,0.1,40,1000,1241034,0,-1,4.565625,0.0,0.3031566123869761,0.0203249078618256
No teaching,8,0.1,40,1000,1241035,0,-1,4.3375,0.0,0.2477639591930041,0.0168719621792355
No teaching,8,0.1,40,1000,1241036,0,-1,5.2875,0.0,0.347406061629369,0.0558802024206775
No teaching,8,0.1,40,1000,1241037,0,-1,4.646875,0.0,0.271454065754128,0.0220393242279133
No teaching,8,0.1,40,1000,1241038,0,-1,4.24375,0.0,0.2455878715731146,0.017194161423017
No teaching,8,0.1,40,1000,1241039,0,-1,4.715625,0.0,0.284062203324214,0.0263610149939336
No teaching,8,0.1,40,1000,1241040,0,-1,4.540625,0.0,0.2904350030197399,0.0201204681607979
No teaching,8,0.1,40,1000,1241041,0,-1,4.509375,0.0,0.2563768469313003,0.0212211561095732
No teaching,8,0.1,40,1000,1241042,0,-1,4.746875,0.0,0.2767034485437426,0.0393610413346727
No teaching,8,0.1,40,1000,1241043,0,-1,4.88125,0.0,0.2990137238758735,0.0258336925116921
No teaching,8,0.1,40,1000,1241044,0,-1,4.675,0.0,0.267775754289866,0.0200848131116634
No teaching,8,0.1,40,1000,1241045,0,-1,4.984375,0.009375,0.2804939759026101,0.0620866380811552
No teaching,8,0.1,40,1000,1241046,0,-1,5.059375,0.0,0.3293786283656146,0.0618465505758598
No teaching,8,0.1,40,1000,1241047,0,-1,5.1625,0.003125,0.3158824174354951,0.0702830885829741
No teaching,8,0.1,40,1000,1241048,0,-1,5.403125,0.0,0.3303532561989663,0.0552424145690848
No teaching,8,0.1,40,1000,1241049,0,-1,4.7,0.0,0.3222591626283629,0.0240063255759747
No teaching,8,0.16,40,1000,1241600,0,-1,5.1125,0.0,0.332232926552819,0.0465804613592624
No teaching,8,0.16,40,1000,1241601,0,-1,5.025,0.0,0.3182123046027302,0.0513150365500026
No teaching,8,0.16,40,1000,1241602,0,-1,5.415625,0.0,0.3333605719494187,0.0437980838474007
No teaching,8,0.16,40,1000,1241603,0,-1,4.221875,0.0,0.2462354308135061,0.0172027830620014
No teaching,8,0.16,40,1000,1241604,0,-1,4.18125,0.0,0.2322715019790399,0.0185211250959655
No teaching,8,0.16,40,1000,1241605,0,-1,5.396875,0.0,0.3482392053759205,0.0480883446915208
No teaching,8,0.16,40,1000,1241606,0,-1,4.31875,0.0,0.2733072697404546,0.018044704718477
No teaching,8,0.16,40,1000,1241607,0,-1,4.371875,0.0,0.2761040398135534,0.0183549115261144
No teaching,8,0.16,40,1000,1241608,0,-1,4.925,0.0,0.2948927914600742,0.0295599318833573
No teaching,8,0.16,40,1000,1241609,0,-1,4.35,0.0,0.2717983457598641,0.0191710472264533
No teaching,8,0.16,40,1000,1241610,0,-1,4.49375,0.0,0.2671326101807049,0.0214215095248344
No teaching,8,0.16,40,1000,1241611,0,-1,4.88125,0.0,0.3083140623230211,0.0311471568453648
No teaching,8,0.16,40,1000,1241612,0,-1,4.43125,0.0,0.2593949744750123,0.0226841608702475
No teaching,8,0.16,40,1000,1241613,0,-1,4.590625,0.0,0.2595157689305777,0.0280730975739652
No teaching,8,0.16,40,1000,1241614,0,-1,4.55,0.0,0.2762694500372306,0.0182671907586754
No teaching,8,0.16,40,1000,1241615,0,-1,4.565625,0.0,0.2562467133875807,0.020609410641526
No teaching,8,0.16,40,1000,1241616,0,-1,5.021875,0.00625,0.2899559388488435,0.0436573902793588
No teaching,8,0.16,40,1000,1241617,0,-1,4.35625,0.0,0.254684703535382,0.0188269938342677
No teaching,8,0.16,40,1000,1241618,0,-1,4.334375,0.0,0.2614459219908617,0.0213567053820993
No teaching,8,0.16,40,1000,1241619,0,-1,5.225,0.0,0.3116842594315435,0.0507809288208482
No teaching,8,0.16,40,1000,1241620,0,-1,4.15625,0.0,0.2370116127415073,0.0181018193288792
No teaching,8,0.16,40,1000,1241621,0,-1,4.3875,0.0,0.2834692298341534,0.0189591464322663
No teaching,8,0.16,40,1000,1241622,0,-1,4.5375,0.0,0.2585324618221343,0.0185209741869068
No teaching,8,0.16,40,1000,1241623,0,-1,4.484375,0.0,0.2801869217214244,0.0176985650355254
No teaching,8,0.16,40,1000,1241624,0,-1,4.4,0.0,0.2873010776646912,0.0211507840507966
No teaching,8,0.16,40,1000,1241625,0,-1,4.85625,0.003125,0.3033712795111393,0.0471326616377418
No teaching,8,0.16,40,1000,1241626,0,-1,4.603125,0.0,0.2694551324428271,0.0199206531263036
No teaching,8,0.16,40,1000,1241627,0,-1,4.828125,0.0,0.2884200643361579,0.0362322481208766
No teaching,8,0.16,40,1000,1241628,0,-1,4.33125,0.0,0.2530554672980489,0.0188104528390941
No teaching,8,0.16,40,1000,1241629,0,-1,4.909375,0.0,0.3085819200503445,0.025579473059846
No teaching,8,0.16,40,1000,1241630,0,-1,4.359375,0.0,0.264636357013804,0.0177923611760998
No teaching,8,0.16,40,1000,1241631,0,-1,4.753125,0.0,0.2923230866666522,0.0439835008066687
No teaching,8,0.16,40,1000,1241632,0,-1,4.240625,0.0,0.2262878813274868,0.0202472574027988
No teaching,8,0.16,40,1000,1241633,0,-1,4.453125,0.0,0.2754726968606395,0.0178884434415028
No teaching,8,0.16,40,1000,1241634,0,-1,4.428125,0.0,0.2852405820754668,0.01966425851843
No teaching,8,0.16,40,1000,1241635,0,-1,4.209375,0.0,0.2491749472927832,0.0187037885441853
No teaching,8,0.16,40,1000,1241636,0,-1,4.46875,0.0,0.245289410992082,0.0187565781675134
No teaching,8,0.16,40,1000,1241637,0,-1,4.18125,0.0,0.2636589419151088,0.0172844361022657
No teaching,8,0.16,40,1000,1241638,0,-1,4.74375,0.0,0.2877429976018607,0.0322564852310355
No teaching,8,0.16,40,1000,1241639,0,-1,4.01875,0.0,0.21516867885259,0.0157067442762241
No teaching,8,0.16,40,1000,1241640,0,-1,4.95625,0.0,0.3087762972512392,0.0489547441647119
No teaching,8,0.16,40,1000,1241641,0,-1,5.28125,0.009375,0.301365456726341,0.0706782379664619
No teaching,8,0.16,40,1000,1241642,0,-1,4.571875,0.0,0.2633271475579651,0.0340120387232052
No teaching,8,0.16,40,1000,1241643,0,-1,4.8,0.0,0.2811121539910821,0.0412748417895539
No teaching,8,0.16,40,1000,1241644,0,-1,4.4625,0.0,0.2841766197055258,0.0195461334985658
No teaching,8,0.16,40,1000,1241645,0,-1,4.7125,0.0,0.3120966475717417,0.0250680752297345
No teaching,8,0.16,40,1000,1241646,0,-1,4.315625,0.0,0.231731304079737,0.0424405047996414
No teaching,8,0.16,40,1000,1241647,0,-1,4.80625,0.01875,0.2463997649283456,0.0742065264815703
No teaching,8,0.16,40,1000,1241648,0,-1,4.6625,0.0,0.2829724344747762,0.0356163641910578
No teaching,8,0.16,40,1000,1241649,0,-1,4.509375,0.0,0.256301670942507,0.0190778569485835
No teaching,8,0.03,60,1500,1260300,0,-1,4.665625,0.0,0.3039532020990839,0.0234016508612255
No teaching,8,0.03,60,1500,1260301,0,-1,5.040625,0.0,0.3000609129308672,0.0268314115568759
No teaching,8,0.03,60,1500,1260302,0,-1,5.284375,0.0,0.3245112091280221,0.0624771233716393
No teaching,8,0.03,60,1500,1260303,0,-1,4.25,0.0,0.2344181636288421,0.0187323235779152
No teaching,8,0.03,60,1500,1260304,0,-1,4.771875,0.0,0.3080191625311878,0.0373895270446887
No teaching,8,0.03,60,1500,1260305,0,-1,5.121875,0.003125,0.3311919238038595,0.058071624372066
No teaching,8,0.03,60,1500,1260306,0,-1,4.159375,0.0,0.210375077547562,0.0159855058553782
No teaching,8,0.03,60,1500,1260307,0,-1,4.3,0.0,0.2638220055488997,0.0218508065155207
No teaching,8,0.03,60,1500,1260308,0,-1,4.7125,0.0,0.286077988521244,0.025382368536892
No teaching,8,0.03,60,1500,1260309,0,-1,5.040625,0.0,0.2897076811449172,0.0741462545444265
No teaching,8,0.03,60,1500,1260310,0,-1,4.021875,0.0,0.2247600543674021,0.0159989840882479
No teaching,8,0.03,60,1500,1260311,0,-1,5.684375,0.0,0.3574448999350593,0.0802974391329431
No teaching,8,0.03,60,1500,1260312,0,-1,4.303125,0.0,0.2569559488810159,0.0236763720233639
No teaching,8,0.03,60,1500,1260313,0,-1,5.028125,0.0,0.3088688159831351,0.0440845910680953
No teaching,8,0.03,60,1500,1260314,0,-1,5.7125,0.0,0.3450206829129505,0.0729133711153432
No teaching,8,0.03,60,1500,1260315,0,-1,4.96875,0.0,0.2870598956904187,0.0581549342097489
No teaching,8,0.03,60,1500,1260316,0,-1,5.115625,0.0,0.3155146552224653,0.0483421079448316
No teaching,8,0.03,60,1500,1260317,0,-1,4.609375,0.0,0.2679865733332039,0.0337267405658317
No teaching,8,0.03,60,1500,1260318,0,-1,4.78125,0.0,0.2982937795691414,0.0278124152706706
No teaching,8,0.03,60,1500,1260319,0,-1,4.8375,0.0,0.3247355005190325,0.0310739855501257
No teaching,8,0.03,60,1500,1260320,0,-1,4.309375,0.0,0.2607338471111366,0.0191136360850233
No teaching,8,0.03,60,1500,1260321,0,-1,4.375,0.0,0.2700880880455722,0.0205730186265215
No teaching,8,0.03,60,1500,1260322,0,-1,4.090625,0.0,0.238809905810911,0.0170561702013986
No teaching,8,0.03,60,1500,1260323,0,-1,4.584375,0.0,0.2915652218633944,0.0202884508281071
No teaching,8,0.03,60,1500,1260324,0,-1,4.965625,0.0,0.3103809211722593,0.0306900097295644
No teaching,8,0.03,60,1500,1260325,0,-1,4.884375,0.0,0.3400906371616189,0.0331441846036578
No teaching,8,0.03,60,1500,1260326,0,-1,5.009375,0.003125,0.2974582851290884,0.0450636551847949
No teaching,8,0.03,60,1500,1260327,0,-1,4.496875,0.0,0.3022893125479171,0.0220174358812389
No teaching,8,0.03,60,1500,1260328,0,-1,5.03125,0.0,0.3189780369929066,0.055702692685905
No teaching,8,0.03,60,1500,1260329,0,-1,4.753125,0.0,0.2638129463959205,0.031851004341198
No teaching,8,0.03,60,1500,1260330,0,-1,4.36875,0.0,0.2890422336027439,0.0196952819507919
No teaching,8,0.03,60,1500,1260331,0,-1,4.846875,0.0,0.2885088878153649,0.0327010567512727
No teaching,8,0.03,60,1500,1260332,0,-1,4.446875,0.0,0.2727759614611645,0.0179785714457239
No teaching,8,0.03,60,1500,1260333,0,-1,4.334375,0.0,0.2506105343208804,0.0183101933058904
No teaching,8,0.03,60,1500,1260334,0,-1,4.721875,0.0,0.3069736403838402,0.0215635153683356
No teaching,8,0.03,60,1500,1260335,0,-1,4.603125,0.0,0.2865068616242192,0.023607030985986
No teaching,8,0.03,60,1500,1260336,0,-1,4.815625,0.0,0.2791290830868219,0.0276062180925246
No teaching,8,0.03,60,1500,1260337,0,-1,4.390625,0.0,0.2688560337651697,0.0193735534617161
No teaching,8,0.03,60,1500,1260338,0,-1,4.434375,0.0,0.2743876923747835,0.0212785220716046
No teaching,8,0.03,60,1500,1260339,0,-1,4.959375,0.0,0.3109539279799024,0.0455284696922041
No teaching,8,0.03,60,1500,1260340,0,-1,4.709375,0.0,0.2839948175594736,0.0357297705341045
No teaching,8,0.03,60,1500,1260341,0,-1,4.184375,0.0,0.2565056283832573,0.015843027522944
No teaching,8,0.03,60,1500,1260342,0,-1,4.178125,0.0,0.2407048296296269,0.017816508040037
No teaching,8,0.03,60,1500,1260343,0,-1,5.44375,0.003125,0.3374841348631635,0.0851009191075926
No teaching,8,0.03,60,1500,1260344,0,-1,5.15,0.0,0.2954303647348043,0.046512512242255
No teaching,8,0.03,60,1500,1260345,0,-1,4.428125,0.0,0.2847183032177389,0.0189091942740587
No teaching,8,0.03,60,1500,1260346,0,-1,5.053125,0.0,0.2932665458337214,0.0334387452920539
No teaching,8,0.03,60,1500,1260347,0,-1,4.6625,0.0,0.308427316295299,0.0233825732042219
No teaching,8,0.03,60,1500,1260348,0,-1,4.615625,0.0,0.2912174812555091,0.0385838333755621
No teaching,8,0.03,60,1500,1260349,0,-1,3.909375,0.0,0.2196322713569233,0.0153286545954035
No teaching,8,0.06,60,1500,1260600,0,-1,4.384375,0.0,0.2836393900596241,0.0183374547388671
No teaching,8,0.06,60,1500,1260601,0,-1,5.71875,0.0,0.3281456759947813,0.0890050550195016
No teaching,8,0.06,60,1500,1260602,0,-1,5.159375,0.025,0.2828312200892406,0.067386194631578
No teaching,8,0.06,60,1500,1260603,0,-1,4.871875,0.0,0.2871902999607417,0.0452229465075679
No teaching,8,0.06,60,1500,1260604,0,-1,5.0625,0.0,0.3187605540924031,0.0343169508189447
No teaching,8,0.06,60,1500,1260605,0,-1,4.65625,0.0,0.2938764326159955,0.0228108408324079
No teaching,8,0.06,60,1500,1260606,0,-1,4.36875,0.0,0.2489246470717505,0.0190722286759989
No teaching,8,0.06,60,1500,1260607,0,-1,4.5875,0.0,0.2673399540519673,0.021300366961685
No teaching,8,0.06,60,1500,1260608,0,-1,4.334375,0.0,0.2840671462178772,0.0197596946595883
No teaching,8,0.06,60,1500,1260609,0,-1,4.803125,0.0,0.2779651494978079,0.0319871155346161
No teaching,8,0.06,60,1500,1260610,0,-1,4.51875,0.0,0.2953689745102049,0.0199313093820499
No teaching,8,0.06,60,1500,1260611,0,-1,4.871875,0.0,0.30219709986357,0.0256058993834272
No teaching,8,0.06,60,1500,1260612,0,-1,4.8375,0.0,0.2910097108719315,0.0245124254089737
No teaching,8,0.06,60,1500,1260613,0,-1,4.571875,0.0,0.281556788883848,0.0203557220322176
No teaching,8,0.06,60,1500,1260614,0,-1,4.61875,0.0,0.2865677743332601,0.0197623915700766
No teaching,8,0.06,60,1500,1260615,0,-1,4.65,0.0,0.2777799172142535,0.0213954491090546
No teaching,8,0.06,60,1500,1260616,0,-1,4.925,0.0,0.297969107606474,0.034279260686891
No teaching,8,0.06,60,1500,1260617,0,-1,4.321875,0.0,0.2535887224369985,0.018238637108645
No teaching,8,0.06,60,1500,1260618,0,-1,4.56875,0.0,0.2463873612060136,0.0219525692646028
No teaching,8,0.06,60,1500,1260619,0,-1,4.146875,0.0,0.233492565934565,0.0168755352057165
No teaching,8,0.06,60,1500,1260620,0,-1,4.396875,0.0,0.2685278698205408,0.0181712995625543
No teaching,8,0.06,60,1500,1260621,0,-1,5.11875,0.0,0.3165042457775859,0.0272241320988368
No teaching,8,0.06,60,1500,1260622,0,-1,4.6,0.0,0.2587414855323087,0.0323341296218392
No teaching,8,0.06,60,1500,1260623,0,-1,4.1625,0.0,0.2400177619140562,0.0150269780585785
No teaching,8,0.06,60,1500,1260624,0,-1,4.565625,0.0,0.2782011381297112,0.0267348260645276
No teaching,8,0.06,60,1500,1260625,0,-1,4.24375,0.0,0.2372451319862866,0.0176932163328057
No teaching,8,0.06,60,1500,1260626,0,-1,4.365625,0.0,0.2331126706419656,0.0174602482435889
No teaching,8,0.06,60,1500,1260627,0,-1,4.040625,0.0,0.2049953082739479,0.0149788071400592
No teaching,8,0.06,60,1500,1260628,0,-1,4.190625,0.0,0.2357918570351683,0.0177096311833397
No teaching,8,0.06,60,1500,1260629,0,-1,4.890625,0.0,0.2943685250486887,0.0311802067096543
No teaching,8,0.06,60,1500,1260630,0,-1,4.496875,0.0,0.2596937944214097,0.0193347476982252
No teaching,8,0.06,60,1500,1260631,0,-1,4.434375,0.0,0.3040232412673068,0.0196995475211453
No teaching,8,0.06,60,1500,1260632,0,-1,5.0875,0.0,0.3167338457461367,0.0347242462492298
No teaching,8,0.06,60,1500,1260633,0,-1,4.3375,0.0,0.2663403321903023,0.0192526644691758
No teaching,8,0.06,60,1500,1260634,0,-1,4.675,0.0,0.257861996742576,0.0240034586223062
No teaching,8,0.06,60,1500,1260635,0,-1,5.7,0.0,0.3448203295280386,0.0747223054415966
No teaching,8,0.06,60,1500,1260636,0,-1,4.1875,0.0,0.2244515568913369,0.0177989162932834
No teaching,8,0.06,60,1500,1260637,0,-1,4.965625,0.0,0.2903474147292433,0.0273320952792474
No teaching,8,0.06,60,1500,1260638,0,-1,4.590625,0.0,0.2614312782701872,0.0343464752913911
No teaching,8,0.06,60,1500,1260639,0,-1,4.871875,0.0,0.3078887518739638,0.0439626687049639
No teaching,8,0.06,60,1500,1260640,0,-1,4.96875,0.0,0.2931434800483713,0.0766076887467966
No teaching,8,0.06,60,1500,1260641,0,-1,5.125,0.0,0.3195508919185774,0.0365309567033725
No teaching,8,0.06,60,1500,1260642,0,-1,4.825,0.0,0.284556648472103,0.0321087935554576
No teaching,8,0.06,60,1500,1260643,0,-1,5.63125,0.003125,0.3368487834914168,0.0698977381191534
No teaching,8,0.06,60,1500,1260644,0,-1,4.75,0.0,0.2573189339472765,0.0286629533212635
No teaching,8,0.06,60,1500,1260645,0,-1,4.871875,0.0,0.2944107980349372,0.0286423603521597
No teaching,8,0.06,60,1500,1260646,0,-1,4.7125,0.0,0.2926633394321782,0.0248012583721463
No teaching,8,0.06,60,1500,1260647,0,-1,4.24375,0.0,0.2813270243599096,0.0180179443084031
No teaching,8,0.06,60,1500,1260648,0,-1,4.365625,0.0,0.246472097347788,0.0323275199353193
No teaching,8,0.06,60,1500,1260649,0,-1,4.909375,0.0,0.2901937604609255,0.0542939255273343
No teaching,8,0.1,60,1500,1261000,0,-1,5.075,0.0,0.3287376932746611,0.0401380686462709
No teaching,8,0.1,60,1500,1261001,0,-1,5.49375,0.003125,0.3304733996748336,0.0655085573084504
No teaching,8,0.1,60,1500,1261002,0,-1,5.359375,0.0125,0.2986112744183876,0.0981638642339254
No teaching,8,0.1,60,1500,1261003,0,-1,4.453125,0.0,0.2546603866113089,0.0183218105305588
No teaching,8,0.1,60,1500,1261004,0,-1,4.80625,0.0,0.3031154234038767,0.0242396278930331
No teaching,8,0.1,60,1500,1261005,0,-1,4.6875,0.0,0.2434539867633082,0.0262171582357149
No teaching,8,0.1,60,1500,1261006,0,-1,5.278125,0.0,0.3270350128758258,0.0490054985325868
No teaching,8,0.1,60,1500,1261007,0,-1,5.246875,0.0,0.3165535455942934,0.0417463536908677
No teaching,8,0.1,60,1500,1261008,0,-1,5.2125,0.009375,0.3021080139865585,0.0759158107162078
No teaching,8,0.1,60,1500,1261009,0,-1,4.41875,0.0,0.2663583565200507,0.0177830674727713
No teaching,8,0.1,60,1500,1261010,0,-1,4.7875,0.00625,0.2979188656316257,0.0651463732110141
No teaching,8,0.1,60,1500,1261011,0,-1,4.509375,0.0,0.2414702175697593,0.0243847351546638
No teaching,8,0.1,60,1500,1261012,0,-1,5.175,0.0,0.3134576201541656,0.0451117439153737
No teaching,8,0.1,60,1500,1261013,0,-1,4.8125,0.0,0.3206383394685547,0.0258345764463394
No teaching,8,0.1,60,1500,1261014,0,-1,5.059375,0.0,0.3052620039368571,0.0352376868785483
No teaching,8,0.1,60,1500,1261015,0,-1,4.3375,0.0,0.251003326623772,0.018259504899345
No teaching,8,0.1,60,1500,1261016,0,-1,4.934375,0.0,0.2855304748500407,0.0545242051612442
No teaching,8,0.1,60,1500,1261017,0,-1,5.121875,0.0,0.3295701261716651,0.0313159453434363
No teaching,8,0.1,60,1500,1261018,0,-1,4.875,0.0,0.3091050939028059,0.0246376757025089
No teaching,8,0.1,60,1500,1261019,0,-1,4.903125,0.0,0.290079525774885,0.0306116558214238
No teaching,8,0.1,60,1500,1261020,0,-1,4.646875,0.0,0.3016008272344117,0.0262915148622795
No teaching,8,0.1,60,1500,1261021,0,-1,4.865625,0.0,0.2900234299593879,0.0248615289616493
No teaching,8,0.1,60,1500,1261022,0,-1,4.16875,0.0,0.2214647285417239,0.0158093431415011
No teaching,8,0.1,60,1500,1261023,0,-1,4.896875,0.0,0.3108126225346229,0.0331178756449795
No teaching,8,0.1,60,1500,1261024,0,-1,4.846875,0.00625,0.3008943232576025,0.0459434281088866
No teaching,8,0.1,60,1500,1261025,0,-1,4.496875,0.0,0.2743955584131037,0.021448043935244
No teaching,8,0.1,60,1500,1261026,0,-1,4.690625,0.0,0.2521777570109943,0.0272294918722099
No teaching,8,0.1,60,1500,1261027,0,-1,4.359375,0.0,0.2476622821358932,0.0176503473619706
No teaching,8,0.1,60,1500,1261028,0,-1,4.703125,0.0,0.2962650018872003,0.0257938604989299
No teaching,8,0.1,60,1500,1261029,0,-1,4.109375,0.0,0.2315522821427306,0.0165599596989923
No teaching,8,0.1,60,1500,1261030,0,-1,3.9375,0.0,0.2276881439858123,0.0168488620389425
No teaching,8,0.1,60,1500,1261031,0,-1,4.234375,0.0,0.2330532987475943,0.0162509607614069
No teaching,8,0.1,60,1500,1261032,0,-1,4.5875,0.0,0.2661667393083461,0.0292913645547094
No teaching,8,0.1,60,1500,1261033,0,-1,4.559375,0.0,0.2470590470574205,0.0193158409288705
No teaching,8,0.1,60,1500,1261034,0,-1,4.425,0.0,0.250894410481137,0.0207220705531856
No teaching,8,0.1,60,1500,1261035,0,-1,4.90625,0.0,0.27866043608515,0.0349126911219832
No teaching,8,0.1,60,1500,1261036,0,-1,4.715625,0.0,0.284447937033794,0.0269017248938501
No teaching,8,0.1,60,1500,1261037,0,-1,5.1875,0.0,0.356750195860627,0.0336004449974621
No teaching,8,0.1,60,1500,1261038,0,-1,5.009375,0.0,0.3129119539621695,0.0415051290513989
No teaching,8,0.1,60,1500,1261039,0,-1,4.715625,0.0,0.2805746712374607,0.0218053919584462
No teaching,8,0.1,60,1500,1261040,0,-1,4.21875,0.0,0.2259875111115332,0.0159507901258081
No teaching,8,0.1,60,1500,1261041,0,-1,4.58125,0.0,0.2637254262613416,0.0237082092124565
No teaching,8,0.1,60,1500,1261042,0,-1,4.496875,0.0,0.2623706828184222,0.0254504364040513
No teaching,8,0.1,60,1500,1261043,0,-1,4.5375,0.0,0.2757486467722392,0.034617720727194
No teaching,8,0.1,60,1500,1261044,0,-1,4.20625,0.0,0.2259074794804802,0.0168497312847477
No teaching,8,0.1,60,1500,1261045,0,-1,4.615625,0.0,0.2944817528275666,0.0237498288907465
No teaching,8,0.1,60,1500,1261046,0,-1,5.415625,0.00625,0.3445961606902394,0.0731822561576551
No teaching,8,0.1,60,1500,1261047,0,-1,4.565625,0.0,0.253946971000584,0.0379830363107377
No teaching,8,0.1,60,1500,1261048,0,-1,4.61875,0.0,0.296057555870838,0.0263701030677035
No teaching,8,0.1,60,1500,1261049,0,-1,4.959375,0.0,0.2937112775241541,0.0472196280102366
No teaching,8,0.16,60,1500,1261600,0,-1,4.2625,0.0,0.2416178930630753,0.0177215496848994
No teaching,8,0.16,60,1500,1261601,0,-1,5.25,0.0,0.323913792201499,0.0468319157526911
No teaching,8,0.16,60,1500,1261602,0,-1,4.903125,0.0,0.2855674544615609,0.0304353583871002
No teaching,8,0.16,60,1500,1261603,0,-1,5.2875,0.0,0.294045757283366,0.0676525206059928
No teaching,8,0.16,60,1500,1261604,0,-1,4.56875,0.0,0.2637699829238339,0.0188280857752992
No teaching,8,0.16,60,1500,1261605,0,-1,4.31875,0.0,0.2522930502990754,0.0196231517965167
No teaching,8,0.16,60,1500,1261606,0,-1,4.303125,0.0,0.2151435875990145,0.0157832296724324
No teaching,8,0.16,60,1500,1261607,0,-1,5.228125,0.0,0.3116191703082018,0.0360879323701913
No teaching,8,0.16,60,1500,1261608,0,-1,4.371875,0.0,0.2469993284896686,0.0186376464864639
No teaching,8,0.16,60,1500,1261609,0,-1,4.75625,0.0,0.2818229119119538,0.0237843337673994
No teaching,8,0.16,60,1500,1261610,0,-1,4.53125,0.0,0.2701664227569142,0.0264190645814435
No teaching,8,0.16,60,1500,1261611,0,-1,4.684375,0.0,0.3030631825921549,0.0260209356623515
No teaching,8,0.16,60,1500,1261612,0,-1,4.51875,0.0,0.3055535896468774,0.0212215577659976
No teaching,8,0.16,60,1500,1261613,0,-1,4.4125,0.0,0.2762956527458166,0.0176034753636565
No teaching,8,0.16,60,1500,1261614,0,-1,4.278125,0.0,0.2515155595052062,0.0178124719500249
No teaching,8,0.16,60,1500,1261615,0,-1,4.26875,0.0,0.245528316148976,0.0187216152002094
No teaching,8,0.16,60,1500,1261616,0,-1,4.375,0.0,0.2585621807452632,0.0208331057305998
No teaching,8,0.16,60,1500,1261617,0,-1,4.50625,0.0,0.2832487915292537,0.0196770970186014
No teaching,8,0.16,60,1500,1261618,0,-1,4.521875,0.0,0.2661893216630929,0.0409299639414422
No teaching,8,0.16,60,1500,1261619,0,-1,5.125,0.0,0.3226861032645097,0.0545421851780754
No teaching,8,0.16,60,1500,1261620,0,-1,5.221875,0.0,0.3361643931806607,0.0332726231170748
No teaching,8,0.16,60,1500,1261621,0,-1,4.484375,0.0,0.2949233660935768,0.0239915232141577
No teaching,8,0.16,60,1500,1261622,0,-1,4.778125,0.0,0.285170284905184,0.0282637135767219
No teaching,8,0.16,60,1500,1261623,0,-1,5.171875,0.0,0.3339889888437128,0.0352204125649416
No teaching,8,0.16,60,1500,1261624,0,-1,4.778125,0.0,0.3065439401150081,0.0258106117886954
No teaching,8,0.16,60,1500,1261625,0,-1,5.125,0.0,0.3206711467117487,0.0308996185845766
No teaching,8,0.16,60,1500,1261626,0,-1,4.59375,0.0,0.2947526354466228,0.0196048078383066
No teaching,8,0.16,60,1500,1261627,0,-1,4.6625,0.0,0.2853989445864628,0.0261517890449184
No teaching,8,0.16,60,1500,1261628,0,-1,4.20625,0.0,0.2388025140266954,0.0167487260862683
No teaching,8,0.16,60,1500,1261629,0,-1,4.59375,0.0,0.2795743915532002,0.021793630706988
No teaching,8,0.16,60,1500,1261630,0,-1,4.2,0.0,0.2521342845573024,0.0174024728930862
No teaching,8,0.16,60,1500,1261631,0,-1,4.171875,0.0,0.2259379539497002,0.0159166966497717
No teaching,8,0.16,60,1500,1261632,0,-1,4.403125,0.0,0.2721348395788822,0.018739130275615
No teaching,8,0.16,60,1500,1261633,0,-1,5.33125,0.0,0.3019058458224389,0.0575553926639553
No teaching,8,0.16,60,1500,1261634,0,-1,4.496875,0.0,0.2414076919382723,0.025505581119291
No teaching,8,0.16,60,1500,1261635,0,-1,4.165625,0.0,0.2239473490973094,0.0175097482216349
No teaching,8,0.16,60,1500,1261636,0,-1,4.440625,0.0,0.2809288104291695,0.0188161852387723
No teaching,8,0.16,60,1500,1261637,0,-1,4.509375,0.0,0.2602798017448378,0.0204767752822758
No teaching,8,0.16,60,1500,1261638,0,-1,4.934375,0.0,0.3157971532483751,0.0259973215235429
No teaching,8,0.16,60,1500,1261639,0,-1,4.45625,0.0,0.2309315259158471,0.0361132389289778
No teaching,8,0.16,60,1500,1261640,0,-1,4.046875,0.0,0.252763435696913,0.016302997893715
No teaching,8,0.16,60,1500,1261641,0,-1,4.2875,0.0,0.2316315167051785,0.0159297141664123
No teaching,8,0.16,60,1500,1261642,0,-1,5.046875,0.003125,0.3089913037413466,0.0573785577068557
No teaching,8,0.16,60,1500,1261643,0,-1,4.69375,0.0,0.2914904943071861,0.0238963904763889
No teaching,8,0.16,60,1500,1261644,0,-1,4.628125,0.0,0.2727967194504644,0.034123961328106
No teaching,8,0.16,60,1500,1261645,0,-1,4.415625,0.0,0.2589632161418576,0.0174346380601787
No teaching,8,0.16,60,1500,1261646,0,-1,4.584375,0.0,0.259900245995587,0.0309625091581417
No teaching,8,0.16,60,1500,1261647,0,-1,5.121875,0.0,0.2962668469140092,0.0407243419297444
No teaching,8,0.16,60,1500,1261648,0,-1,4.440625,0.0,0.2886354287949076,0.0215754974505304
No teaching,8,0.16,60,1500,1261649,0,-1,4.5125,0.0,0.2594774676434541,0.0195192103978188
No teaching,8,0.03,80,2000,1280300,0,-1,5.090625,0.0,0.3352437238505206,0.0357939228619047
No teaching,8,0.03,80,2000,1280301,0,-1,5.315625,0.0,0.3428561097333671,0.0654895332915243
No teaching,8,0.03,80,2000,1280302,0,-1,5.071875,0.0,0.3227578853894531,0.0431237219127351
No teaching,8,0.03,80,2000,1280303,0,-1,4.421875,0.0,0.2639299546335699,0.018092779315904
No teaching,8,0.03,80,2000,1280304,0,-1,4.0625,0.0,0.2005037969847053,0.0157927149955722
No teaching,8,0.03,80,2000,1280305,0,-1,4.7125,0.0,0.2989708775193128,0.0247159321419209
No teaching,8,0.03,80,2000,1280306,0,-1,5.275,0.009375,0.3064750148694489,0.0978290225474999
No teaching,8,0.03,80,2000,1280307,0,-1,4.325,0.0,0.2867993908969461,0.0196781398275939
No teaching,8,0.03,80,2000,1280308,0,-1,4.296875,0.0,0.2483804580502523,0.0310016688912722
No teaching,8,0.03,80,2000,1280309,0,-1,5.315625,0.0,0.3140202762492474,0.049110393514744
No teaching,8,0.03,80,2000,1280310,0,-1,5.35625,0.0,0.3703092821578669,0.0535296008287077
No teaching,8,0.03,80,2000,1280311,0,-1,4.503125,0.0,0.2476201843255826,0.0204913848966371
No teaching,8,0.03,80,2000,1280312,0,-1,4.39375,0.0,0.2547585668704389,0.0238264471845829
No teaching,8,0.03,80,2000,1280313,0,-1,4.55625,0.0,0.2894331853026653,0.0237715932293807
No teaching,8,0.03,80,2000,1280314,0,-1,4.975,0.0,0.2919446140001345,0.0423529966822596
No teaching,8,0.03,80,2000,1280315,0,-1,4.475,0.0,0.2555223738827649,0.0195928375601911
No teaching,8,0.03,80,2000,1280316,0,-1,4.509375,0.0,0.260280281399497,0.0232610354798304
No teaching,8,0.03,80,2000,1280317,0,-1,5.140625,0.0,0.3159302055377624,0.0458996575050524
No teaching,8,0.03,80,2000,1280318,0,-1,4.5875,0.0,0.2897407739489246,0.021925413963588
No teaching,8,0.03,80,2000,1280319,0,-1,5.059375,0.0,0.3192107091494257,0.0346531697707586
No teaching,8,0.03,80,2000,1280320,0,-1,4.778125,0.0,0.2750978638999294,0.0237514611295739
No teaching,8,0.03,80,2000,1280321,0,-1,4.784375,0.0,0.2978572644657872,0.0252764168367511
No teaching,8,0.03,80,2000,1280322,0,-1,4.84375,0.0,0.3166005623521648,0.0248389355086677
No teaching,8,0.03,80,2000,1280323,0,-1,5.071875,0.0,0.3348680324708144,0.0539552337372752
No teaching,8,0.03,80,2000,1280324,0,-1,4.415625,0.0,0.2630380269538179,0.0178559752864203
No teaching,8,0.03,80,2000,1280325,0,-1,4.425,0.0,0.2453349545009254,0.0288104921103828
No teaching,8,0.03,80,2000,1280326,0,-1,4.375,0.0,0.2558921827251126,0.0187965690773676
No teaching,8,0.03,80,2000,1280327,0,-1,4.81875,0.0,0.2870392323930134,0.03240794698613
No teaching,8,0.03,80,2000,1280328,0,-1,4.471875,0.0,0.2786231908125142,0.0174372012354225
No teaching,8,0.03,80,2000,1280329,0,-1,5.209375,0.00625,0.3371675685932818,0.0759148938911632
No teaching,8,0.03,80,2000,1280330,0,-1,4.53125,0.0,0.2765404997909271,0.0245568387487968
No teaching,8,0.03,80,2000,1280331,0,-1,5.86875,0.00625,0.3409755660933296,0.1306023844519545
No teaching,8,0.03,80,2000,1280332,0,-1,4.70625,0.0,0.2695776757820029,0.0251169518947509
No teaching,8,0.03,80,2000,1280333,0,-1,4.26875,0.0,0.2605504977511347,0.0180812257663078
No teaching,8,0.03,80,2000,1280334,0,-1,4.778125,0.0,0.2741383098589556,0.0480996691595657
No teaching,8,0.03,80,2000,1280335,0,-1,4.553125,0.0,0.2624206904483459,0.0215423009813839
No teaching,8,0.03,80,2000,1280336,0,-1,4.765625,0.0,0.2974408902030945,0.0355785998780432
No teaching,8,0.03,80,2000,1280337,0,-1,4.903125,0.0,0.2911227354501295,0.0322240812286002
No teaching,8,0.03,80,2000,1280338,0,-1,4.75625,0.0,0.2894096849454681,0.0330304210422691
No teaching,8,0.03,80,2000,1280339,0,-1,4.29375,0.0,0.2228560671008303,0.0181728611519722
No teaching,8,0.03,80,2000,1280340,0,-1,4.584375,0.0,0.2597036265072021,0.0375048118877185
No teaching,8,0.03,80,2000,1280341,0,-1,4.70625,0.0,0.2779435348978017,0.0249237107419435
No teaching,8,0.03,80,2000,1280342,0,-1,5.046875,0.0,0.3157032361757935,0.040687935771026
No teaching,8,0.03,80,2000,1280343,0,-1,4.815625,0.0,0.2722356262651589,0.0475945666676448
No teaching,8,0.03,80,2000,1280344,0,-1,4.290625,0.0,0.2374868934407269,0.0166896610932125
No teaching,8,0.03,80,2000,1280345,0,-1,4.8375,0.003125,0.2697327660451106,0.0486133831560245
No teaching,8,0.03,80,2000,1280346,0,-1,4.553125,0.0,0.2370231049502684,0.0231514341369529
No teaching,8,0.03,80,2000,1280347,0,-1,4.31875,0.0,0.2345579289651826,0.017838999495509
No teaching,8,0.03,80,2000,1280348,0,-1,4.65625,0.0,0.2550849972982657,0.0269049638640637
No teaching,8,0.03,80,2000,1280349,0,-1,4.89375,0.0,0.2959652540726579,0.0343514985037905
No teaching,8,0.06,80,2000,1280600,0,-1,4.8625,0.0,0.2748680292492435,0.0258842378909601
No teaching,8,0.06,80,2000,1280601,0,-1,4.265625,0.0,0.2520097594226186,0.0170653958405656
No teaching,8,0.06,80,2000,1280602,0,-1,4.646875,0.0,0.2874376928703667,0.0287635501034484
No teaching,8,0.06,80,2000,1280603,0,-1,4.659375,0.0,0.2653856988874795,0.023804350036545
No teaching,8,0.06,80,2000,1280604,0,-1,5.275,0.0,0.3028855638604556,0.0422688862458973
No teaching,8,0.06,80,2000,1280605,0,-1,5.15,0.0,0.3343725806229759,0.0568611606729344
No teaching,8,0.06,80,2000,1280606,0,-1,5.490625,0.003125,0.3550916335960495,0.0637562586792489
No teaching,8,0.06,80,2000,1280607,0,-1,3.953125,0.0,0.2018150171316449,0.0167071018083338
No teaching,8,0.06,80,2000,1280608,0,-1,4.73125,0.0,0.2742852549956306,0.0325861030472912
No teaching,8,0.06,80,2000,1280609,0,-1,4.671875,0.0,0.3047429876739398,0.0225003993686658
No teaching,8,0.06,80,2000,1280610,0,-1,5.28125,0.0,0.3122379830050039,0.0644910653023509
No teaching,8,0.06,80,2000,1280611,0,-1,4.725,0.0,0.2869413371944116,0.0342859131093496
No teaching,8,0.06,80,2000,1280612,0,-1,5.415625,0.0,0.3315622464600963,0.0504886802609943
No teaching,8,0.06,80,2000,1280613,0,-1,5.778125,0.0,0.3459309366515226,0.0602468945763892
No teaching,8,0.06,80,2000,1280614,0,-1,4.24375,0.0,0.2465628495262042,0.0180177333371844
No teaching,8,0.06,80,2000,1280615,0,-1,4.1,0.0,0.2363436218518971,0.0168757281775351
No teaching,8,0.06,80,2000,1280616,0,-1,4.51875,0.0,0.3032018492525291,0.0194981723632699
No teaching,8,0.06,80,2000,1280617,0,-1,4.24375,0.0,0.248905807579241,0.017508374777349
No teaching,8,0.06,80,2000,1280618,0,-1,4.921875,0.0,0.3061819225493249,0.0282513686400776
No teaching,8,0.06,80,2000,1280619,0,-1,4.565625,0.0,0.2754411891975225,0.0233370661346146
No teaching,8,0.06,80,2000,1280620,0,-1,4.878125,0.0,0.2998380416455653,0.0306019002406955
No teaching,8,0.06,80,2000,1280621,0,-1,4.325,0.0,0.2490156344263951,0.0196467250636531
No teaching,8,0.06,80,2000,1280622,0,-1,4.7625,0.0,0.2708040520137076,0.0333716124429425
No teaching,8,0.06,80,2000,1280623,0,-1,4.58125,0.0,0.2766498924350979,0.0250407222804006
No teaching,8,0.06,80,2000,1280624,0,-1,4.465625,0.0,0.2768030911215202,0.0214880223178377
No teaching,8,0.06,80,2000,1280625,0,-1,4.915625,0.0,0.2733089158070757,0.031950271159355
No teaching,8,0.06,80,2000,1280626,0,-1,5.0125,0.0,0.311886093953414,0.0636828728388409
No teaching,8,0.06,80,2000,1280627,0,-1,4.6125,0.0,0.3048828485642152,0.0227207858920874
No teaching,8,0.06,80,2000,1280628,0,-1,4.534375,0.0,0.2810933984518736,0.0234363955752578
No teaching,8,0.06,80,2000,1280629,0,-1,4.56875,0.0,0.2832465475324142,0.0237360656139788
No teaching,8,0.06,80,2000,1280630,0,-1,4.6625,0.0,0.2676289048388222,0.0219815492094721
No teaching,8,0.06,80,2000,1280631,0,-1,5.1875,0.0,0.3529049784623726,0.055276681811424
No teaching,8,0.06,80,2000,1280632,0,-1,4.940625,0.0,0.2981728670969026,0.046072952395129
No teaching,8,0.06,80,2000,1280633,0,-1,4.81875,0.0,0.2704757041366137,0.0305875763357887
No teaching,8,0.06,80,2000,1280634,0,-1,4.828125,0.0,0.296151497487736,0.0269323261502005
No teaching,8,0.06,80,2000,1280635,0,-1,4.609375,0.0,0.2656850197021473,0.0247539715751339
No teaching,8,0.06,80,2000,1280636,0,-1,4.8625,0.0,0.294972115071761,0.0245080065607557
No teaching,8,0.06,80,2000,1280637,0,-1,5.528125,0.01875,0.3106936748651291,0.0853078929784187
No teaching,8,0.06,80,2000,1280638,0,-1,4.375,0.0,0.2689092610328533,0.020422798669442
No teaching,8,0.06,80,2000,1280639,0,-1,4.88125,0.0,0.2980246765002688,0.0275469621859942
No teaching,8,0.06,80,2000,1280640,0,-1,4.45625,0.0,0.2859103350657512,0.0194085798042011
No teaching,8,0.06,80,2000,1280641,0,-1,5.15,0.0,0.334000366263242,0.0471482783711814
No teaching,8,0.06,80,2000,1280642,0,-1,5.034375,0.0,0.3040097724246466,0.0297203672047655
No teaching,8,0.06,80,2000,1280643,0,-1,4.784375,0.0,0.3094753806661111,0.0266826226138784
No teaching,8,0.06,80,2000,1280644,0,-1,5.025,0.0,0.2910599027851467,0.0434570626687411
No teaching,8,0.06,80,2000,1280645,0,-1,4.64375,0.0,0.2512242989535528,0.0259868756289915
No teaching,8,0.06,80,2000,1280646,0,-1,4.3375,0.0,0.2278421233645204,0.0167910435293092
No teaching,8,0.06,80,2000,1280647,0,-1,5.08125,0.0,0.3049883523700162,0.0330664537763452
No teaching,8,0.06,80,2000,1280648,0,-1,4.45625,0.0,0.2230618069793701,0.0242213686404939
No teaching,8,0.06,80,2000,1280649,0,-1,4.559375,0.0,0.2667429990469351,0.019540625228432
No teaching,8,0.1,80,2000,1281000,0,-1,4.7125,0.0,0.2934168266466032,0.0237283674699978
No teaching,8,0.1,80,2000,1281001,0,-1,4.28125,0.0,0.2075012058716097,0.0178802422650423
No teaching,8,0.1,80,2000,1281002,0,-1,5.8875,0.003125,0.3761223438119908,0.1032693942971385
No teaching,8,0.1,80,2000,1281003,0,-1,5.0625,0.0125,0.3040596260613137,0.0575375834278839
No teaching,8,0.1,80,2000,1281004,0,-1,5.53125,0.0,0.3510269506419726,0.052959824931626
No teaching,8,0.1,80,2000,1281005,0,-1,4.315625,0.0,0.2451879839306636,0.0182780836993322
No teaching,8,0.1,80,2000,1281006,0,-1,4.86875,0.0,0.2731059927106324,0.0402723686802778
No teaching,8,0.1,80,2000,1281007,0,-1,4.359375,0.0,0.2655929564285876,0.0177590891165233
No teaching,8,0.1,80,2000,1281008,0,-1,5.1,0.0,0.3155753661249035,0.0384798989954588
No teaching,8,0.1,80,2000,1281009,0,-1,4.44375,0.0,0.2639710760000935,0.0182887525211885
No teaching,8,0.1,80,2000,1281010,0,-1,4.128125,0.0,0.2368139515659209,0.0162372509288955
No teaching,8,0.1,80,2000,1281011,0,-1,4.921875,0.0,0.2779773003656626,0.0316369558424301
No teaching,8,0.1,80,2000,1281012,0,-1,4.60625,0.003125,0.2569287255063531,0.0439125034604581
No teaching,8,0.1,80,2000,1281013,0,-1,4.3125,0.0,0.2487357818420448,0.0190870865055346
No teaching,8,0.1,80,2000,1281014,0,-1,4.21875,0.0,0.242823457945277,0.0173343545182052
No teaching,8,0.1,80,2000,1281015,0,-1,5.03125,0.0,0.3377835433965225,0.0490010153273369
No teaching,8,0.1,80,2000,1281016,0,-1,5.50625,0.021875,0.3429960940754437,0.0820687406648275
No teaching,8,0.1,80,2000,1281017,0,-1,4.2625,0.0,0.2514148495190731,0.0185117560956291
No teaching,8,0.1,80,2000,1281018,0,-1,4.315625,0.0,0.2473544255466858,0.0211892583288008
No teaching,8,0.1,80,2000,1281019,0,-1,4.58125,0.0,0.2720928842180309,0.0196355284422813
No teaching,8,0.1,80,2000,1281020,0,-1,4.296875,0.0,0.2741067629683913,0.0194682025180504
No teaching,8,0.1,80,2000,1281021,0,-1,4.7375,0.0,0.305960824454999,0.0253175153988862
No teaching,8,0.1,80,2000,1281022,0,-1,4.334375,0.0,0.2374196065263241,0.0169233711649542
No teaching,8,0.1,80,2000,1281023,0,-1,5.221875,0.0,0.2915120311236718,0.048952216718384
No teaching,8,0.1,80,2000,1281024,0,-1,5.26875,0.0,0.3579394675430488,0.0690064943407448
No teaching,8,0.1,80,2000,1281025,0,-1,4.80625,0.0,0.3229442894011943,0.0252957698273243
No teaching,8,0.1,80,2000,1281026,0,-1,4.209375,0.0,0.2367962861969332,0.0178507728242673
No teaching,8,0.1,80,2000,1281027,0,-1,4.890625,0.0,0.3169913477478575,0.0285774986164915
No teaching,8,0.1,80,2000,1281028,0,-1,4.64375,0.0,0.2863375886327693,0.0244989199559387
No teaching,8,0.1,80,2000,1281029,0,-1,5.03125,0.003125,0.3235294748072234,0.0496378187698759
No teaching,8,0.1,80,2000,1281030,0,-1,4.909375,0.0,0.3244698492791739,0.0316571041803622
No teaching,8,0.1,80,2000,1281031,0,-1,4.35625,0.0,0.2453052490422655,0.0172777660582265
No teaching,8,0.1,80,2000,1281032,0,-1,4.8625,0.0,0.2945088690930248,0.0367050336524101
No teaching,8,0.1,80,2000,1281033,0,-1,5.1375,0.0,0.319122927370498,0.0306315328241561
No teaching,8,0.1,80,2000,1281034,0,-1,4.596875,0.0,0.2474402756546692,0.0387886209012835
No teaching,8,0.1,80,2000,1281035,0,-1,4.5375,0.0,0.2808645740513102,0.022147591187951
No teaching,8,0.1,80,2000,1281036,0,-1,4.41875,0.0,0.2665990101399659,0.0200337942911309
No teaching,8,0.1,80,2000,1281037,0,-1,4.275,0.0,0.2481206528517397,0.0203871748707393
No teaching,8,0.1,80,2000,1281038,0,-1,4.659375,0.0,0.2651955243559195,0.0358934206345334
No teaching,8,0.1,80,2000,1281039,0,-1,4.421875,0.0,0.2588248593948795,0.0269704399116613
No teaching,8,0.1,80,2000,1281040,0,-1,4.475,0.0,0.2423838339271275,0.0179544639113937
No teaching,8,0.1,80,2000,1281041,0,-1,4.24375,0.0,0.2425218473719939,0.0172691951339235
No teaching,8,0.1,80,2000,1281042,0,-1,4.13125,0.0,0.228125296508057,0.017472881866322
No teaching,8,0.1,80,2000,1281043,0,-1,4.75625,0.0,0.2879101884207238,0.0278570489243088
No teaching,8,0.1,80,2000,1281044,0,-1,5.934375,0.009375,0.3586928076676033,0.0942534783898939
No teaching,8,0.1,80,2000,1281045,0,-1,4.225,0.0,0.2367100423018422,0.0190714462701055
No teaching,8,0.1,80,2000,1281046,0,-1,6.084375,0.0125,0.353242559989211,0.1166037808275519
No teaching,8,0.1,80,2000,1281047,0,-1,4.3875,0.0,0.2560224247637881,0.0200247364045143
No teaching,8,0.1,80,2000,1281048,0,-1,5.30625,0.0,0.3653992716783752,0.0724632814578733
No teaching,8,0.1,80,2000,1281049,0,-1,5.359375,0.0,0.3247534338281072,0.0780473205002046
No teaching,8,0.16,80,2000,1281600,0,-1,4.628125,0.0,0.2743345085001298,0.0235498050862663
No teaching,8,0.16,80,2000,1281601,0,-1,4.2625,0.0,0.2417810176208361,0.0184285965319372
No teaching,8,0.16,80,2000,1281602,0,-1,5.1125,0.0,0.3029578541422726,0.0449392740339692
No teaching,8,0.16,80,2000,1281603,0,-1,4.7875,0.0,0.2702680378081786,0.0362364776158526
No teaching,8,0.16,80,2000,1281604,0,-1,4.290625,0.0,0.2415251145002855,0.0161646133670647
No teaching,8,0.16,80,2000,1281605,0,-1,5.2125,0.034375,0.2862884662198491,0.0772263758991863
No teaching,8,0.16,80,2000,1281606,0,-1,4.775,0.0,0.3008100448777226,0.0309925153713382
No teaching,8,0.16,80,2000,1281607,0,-1,4.36875,0.0,0.2643739660507869,0.0177449176356338
No teaching,8,0.16,80,2000,1281608,0,-1,4.190625,0.0,0.2474249105059269,0.0187189154951548
No teaching,8,0.16,80,2000,1281609,0,-1,4.703125,0.0,0.27794911563408,0.0235697675966807
No teaching,8,0.16,80,2000,1281610,0,-1,4.81875,0.0,0.2783074315793907,0.0536951095749423
No teaching,8,0.16,80,2000,1281611,0,-1,5.125,0.0,0.3065438198456902,0.0587687024385261
No teaching,8,0.16,80,2000,1281612,0,-1,4.41875,0.0,0.2747647857162366,0.0185435227209627
No teaching,8,0.16,80,2000,1281613,0,-1,4.271875,0.0,0.2266572078782466,0.0188901256104412
No teaching,8,0.16,80,2000,1281614,0,-1,4.49375,0.0,0.2931859486912944,0.0211835412929022
No teaching,8,0.16,80,2000,1281615,0,-1,4.325,0.0,0.2481104285906603,0.0191297856445869
No teaching,8,0.16,80,2000,1281616,0,-1,4.34375,0.0,0.2246317924089299,0.0180818583675685
No teaching,8,0.16,80,2000,1281617,0,-1,5.525,0.0,0.3560681188084788,0.0704951043990182
No teaching,8,0.16,80,2000,1281618,0,-1,4.659375,0.0,0.2756948763931922,0.0260193782909511
No teaching,8,0.16,80,2000,1281619,0,-1,4.775,0.0,0.2939544965545203,0.0220607277451059
No teaching,8,0.16,80,2000,1281620,0,-1,4.421875,0.0,0.2789143431534795,0.0192805668620399
No teaching,8,0.16,80,2000,1281621,0,-1,5.19375,0.0,0.3395888083432797,0.036587727843806
No teaching,8,0.16,80,2000,1281622,0,-1,4.5,0.0,0.2792622606487253,0.0220732933557693
No teaching,8,0.16,80,2000,1281623,0,-1,4.440625,0.0,0.2893354858020717,0.0204275696908773
No teaching,8,0.16,80,2000,1281624,0,-1,4.7375,0.0,0.2854562939375907,0.0204022811047421
No teaching,8,0.16,80,2000,1281625,0,-1,4.896875,0.0,0.3136365793677163,0.0425619908181706
No teaching,8,0.16,80,2000,1281626,0,-1,4.384375,0.0,0.2448955588073758,0.0203665266481466
No teaching,8,0.16,80,2000,1281627,0,-1,4.534375,0.0,0.2848953343343808,0.0210203932738138
No teaching,8,0.16,80,2000,1281628,0,-1,4.4625,0.0,0.246812778827311,0.0237627462297886
No teaching,8,0.16,80,2000,1281629,0,-1,5.165625,0.0,0.3192890183607016,0.0380284593607463
No teaching,8,0.16,80,2000,1281630,0,-1,4.5625,0.0,0.2777887061769354,0.021262693862193
No teaching,8,0.16,80,2000,1281631,0,-1,4.453125,0.0,0.2683914161710696,0.020011024682901
No teaching,8,0.16,80,2000,1281632,0,-1,4.5,0.0,0.2803135974937243,0.020733607626597
No teaching,8,0.16,80,2000,1281633,0,-1,4.640625,0.0,0.294458182973547,0.0260847757887435
No teaching,8,0.16,80,2000,1281634,0,-1,5.021875,0.0,0.3350810442955675,0.0397081216080992
No teaching,8,0.16,80,2000,1281635,0,-1,5.1625,0.0,0.3223763527906882,0.0368221414637602
No teaching,8,0.16,80,2000,1281636,0,-1,4.3875,0.0,0.2711070183801153,0.0192712042058507
No teaching,8,0.16,80,2000,1281637,0,-1,4.571875,0.0,0.2538903385801448,0.0224988590561276
No teaching,8,0.16,80,2000,1281638,0,-1,5.159375,0.0,0.3429472582240561,0.030624777128205
No teaching,8,0.16,80,2000,1281639,0,-1,4.303125,0.0,0.2603613145943836,0.0188323714530493
No teaching,8,0.16,80,2000,1281640,0,-1,4.634375,0.0,0.2744497216608745,0.0221754844852002
No teaching,8,0.16,80,2000,1281641,0,-1,4.89375,0.0,0.3093050366158514,0.0328306065215405
No teaching,8,0.16,80,2000,1281642,0,-1,4.534375,0.0,0.2337802786410263,0.0397625028004636
No teaching,8,0.16,80,2000,1281643,0,-1,4.584375,0.0,0.2697821725874126,0.0201183890431492
No teaching,8,0.16,80,2000,1281644,0,-1,5.059375,0.0,0.3227522607065887,0.0327093014855001
No teaching,8,0.16,80,2000,1281645,0,-1,4.2875,0.0,0.2265357403425473,0.0182563318824951
No teaching,8,0.16,80,2000,1281646,0,-1,4.803125,0.0,0.3228260626923785,0.0396079401311002
No teaching,8,0.16,80,2000,1281647,0,-1,5.521875,0.0,0.3479476360363233,0.0726545689137666
No teaching,8,0.16,80,2000,1281648,0,-1,5.0625,0.0,0.2972731099210554,0.03895990513834
No teaching,8,0.16,80,2000,1281649,0,-1,4.325,0.0,0.2277711919471724,0.0167748517240149
